MI-518,Livingston County CoC,103,27,14,62,47,56,0,0,101,2,96,3,0,0,0,4,47
MI-519,Holland/Ottawa County CoC,258,96,18,144,120,138,0,0,196,62,176,61,1,2,0,18,103
MI-523,Eaton County CoC,107,60,9,38,59,48,0,0,91,16,92,6,0,0,0,9,32
MN-500,Minneapolis/Hennepin County CoC,"3,057","1,176",331,"1,550","1,404","1,641",9,3,"2,853",204,534
MN-501,Saint Paul/Ramsey County CoC,"1,438",376,176,886,576,861,1,0,"1,300",138,446,744,48,73,2
MN-502,Rochester/Southeast Minnesota CoC,552,192,155,205,330,220,2,0,488,64,305,201,5,11,0,30,167
MN-503,"Dakota, Anoka, Washington, Scott, Carver Counties",544,184,68,292,275,266,1,2,492,52,309,165,5
MN-504,Northeast Minnesota CoC,99,21,20,58,41,58,0,0,95,4,82,4,0,10,0,3,21
MN-505,St. Cloud/Central Minnesota CoC,862,263,163,436,439,421,2,0,834,28,427,130,1,269,3,32,260
MN-506,Northwest Minnesota CoC,288,131,56,101,164,124,0,0,277,11,108,31,1,128,0,20,86
MN-508,Moorhead/West Central Minnesota CoC,215,67,27,121,111,104,0,0,190,25,117,38,0,37,4,19,125
MN-509,Duluth/St.Louis County CoC,505,135,84,286,222,281,2,0,499,6,282,93,3,85,0,42,137
MN-511,Southwest Minnesota CoC,108,45,23,40,55,53,0,0,76,32,75,18,0,14,0,1,60
MO-500,St. Louis County CoC,462,152,170,140,258,202,2,0,445,17,71,359,1,2,0,29,211
MO-501,St.Louis City CoC,"1,336",342,134,860,557,773,6,0,"1,312",24,273,"1,024",6,4
MO-503,"St. Charles City & County, Lincoln, Warren Counties CoC",578,177,70,331,297,278,3,0,546,32,399,142,1,0,0
MO-600,"Springfield/Greene, Christian, Webster Counties CoC",455,77,42,336,239,213,1,2,442,13,364,53,1,11,4
MO-602,"Joplin/Jasper, Newton Counties CoC",270,49,6,215,87,183,0,0,259,11,203,32,0,11,2,22
MO-603,"St. Joseph/Andrew, Buchanan, DeKalb Counties CoC",210,64,9,137,99,111,0,0,196,14,166,32,1,2,0
MO-604a,"Kansas City, Independence, Lee’s Summit/Jackson, Wyandotte Counties, MO & KS","1,671",371,137,"1,163",680,981,3,7,"1,525",146
MO-606,Missouri Balance of State CoC,"1,244",337,95,812,644,597,3,0,"1,191",53,912,277,4,7,0
MP-500,Northern Mariana Islands CoC,672,185,68,419,314,358,0,0,671,1,0,0,159,0,513,0,24
MS-500,"Jackson/Rankin, Madison Counties CoC",511,51,0,460,187,317,1,6,511,0,178,330,0,0,0,3
MS-501,Mississippi Balance of State CoC,697,154,51,492,279,417,0,1,689,8,259,419,0,16,0,3,299
MS-503,Gulf Port/Gulf Coast Regional CoC,264,47,9,208,107,157,0,0,261,3,174,62,4,13,0,11,37
MT-500,Montana Statewide CoC,"1,529",340,124,"1,065",624,898,4,3,"1,408",121,992,33,4,354
NC-500,Winston-Salem/Forsyth County CoC,453,59,28,366,127,326,0,0,432,21,132,296,0,4,4,17,353
NC-501,Asheville/Buncombe County CoC,562,43,25,494,145,417,0,0,549,13,357,170,6,3,1,25,235
NC-502,Durham City & County CoC,354,65,27,262,115,237,2,0,345,9,72,269,0,1,0,12,240
NC-503,North Carolina Balance of State CoC,"3,054",732,207,"2,115","1,300","1,748",2,4,"2,894",160,"1,620"
NC-504,"Greensboro, High Point CoC",573,121,27,425,210,362,1,0,554,19,167,372,3,9,2,20
NC-505,Charlotte/Mecklenberg CoC,"1,476",310,102,"1,064",644,829,2,1,"1,416",60,262,"1,137",6
NC-506,"Wilmington/Brunswick, New Hanover, Pender Counties CoC",322,47,10,265,113,208,0,1,307,15,193,99,0,3,0
NC-507,Raleigh/Wake County CoC,884,198,58,628,316,567,1,0,822,62,224,583,8,12,1,56,547
NC-509,"Gastonia/Cleveland, Gaston, Lincoln Counties CoC",249,55,23,171,119,130,0,0,234,15,140,89,0,3,0
NC-511,Fayetteville/Cumberland County CoC,442,105,10,327,190,251,1,0,365,77,107,292,0,16,3,24,54
NC-513,Chapel Hill/Orange County CoC,127,18,6,103,36,91,0,0,122,5,42,75,1,0,0,9,41
NC-516,Northwest North Carolina CoC,466,130,48,288,252,214,0,0,404,62,429,32,1,1,0,3,93
ND-500,North Dakota Statewide CoC,"1,089",178,84,827,272,811,2,4,"1,046",43,367,127,6,226,0
NE-500,Nebraska Balance of State CoC,506,140,67,299,241,265,0,0,444,62,420,41,2,27,0,16,300
NE-501,"Omaha, Council Bluffs CoC","1,389",204,100,"1,085",416,972,1,0,"1,255",134,882,381,14
NE-502,Lincoln CoC,606,157,58,391,261,343,2,0,538,68,362,157,4,37,1,45,336
NH-500,New Hampshire Balance of State CoC,767,195,59,513,353,409,3,2,725,42,682,28,5,3,0,49,503
NH-501,Manchester CoC,394,113,44,237,185,209,0,0,338,56,323,33,5,2,0,31,154
NH-502,Nashua/Hillsborough County CoC,295,81,23,191,108,187,0,0,257,38,261,16,1,0,0,17,107
NJ-500,Atlantic City & County CoC,422,25,35,362,124,298,0,0,363,59,212,189,6,4,2,9,275
NJ-501,Bergen County CoC,302,84,31,187,159,143,0,0,227,75,165,112,16,4,0,5,118
NJ-502,Burlington County CoC,604,169,53,382,300,301,1,2,540,64,258,316,1,5,11,13,508
NJ-503,"Camden City & County/Gloucester, Cape May, Cumberland Counties CoC",938,190,67,681,341,597,0,0,784,154,434,453,5,14,7
NJ-504,Newark/Essex County CoC,"2,048",477,222,"1,349",816,"1,224",8,0,"1,683",365,421,"1,564"
NJ-506,"Jersey City, Bayonne/Hudson County CoC",822,93,50,679,254,567,1,0,512,310,398,396,8,8,5,7
NJ-507,New Brunswick/Middlesex County CoC,546,146,49,351,224,320,2,0,365,181,275,248,9,4,0,10,383
NJ-508,Monmouth County CoC,299,99,22,178,134,164,1,0,244,55,135,123,4,1,0,36,124
NJ-509,Morris County CoC,378,91,27,260,151,227,0,0,320,58,211,127,6,5,0,29,206
NJ-510,Lakewood Township/Ocean County CoC,224,80,17,127,110,112,2,0,176,48,125,81,1,6,0,11,122
NJ-511,Paterson/Passaic County CoC,449,126,53,270,223,226,0,0,304,145,181,257,6,0,1,4,327
NJ-512,Salem County CoC,16,4,2,10,8,8,0,0,11,5,7,9,0,0,0,0,4
NJ-513,Somerset County CoC,244,51,29,164,94,148,2,0,208,36,131,106,0,2,0,5,66
NJ-514,Trenton/Mercer County CoC,478,78,50,350,155,323,0,0,419,59,167,298,1,4,2,6,305
NJ-515,Elizabeth/Union County CoC,480,171,38,271,230,250,0,0,342,138,195,274,4,3,0,4,294
NJ-516,"Warren, Sussex, Hunterdon Counties CoC",286,61,16,209,119,166,0,1,252,34,211,68,3,1,0
NM-500,Albuquerque CoC,"1,318",184,84,"1,050",412,890,14,2,785,533,839,106,5,294,5
NM-501,New Mexico Balance of State CoC,"1,164",287,46,831,485,655,5,19,661,503,674,36,5,357,4,88
NV-500,Las Vegas/Clark County CoC,"6,490",440,"1,817","4,233","1,849","4,619",22,0,"5,646",844,"3
NV-501,"Reno, Sparks/Washoe County CoC","1,106",132,102,872,344,760,1,1,916,190,838,146,6,39,15
NV-502,Nevada Balance of State CoC,237,36,17,184,80,157,0,0,208,29,217,5,2,10,1,2,85
NY-500,"Rochester, Irondequoit, Greece/Monroe County CoC",817,208,134,475,312,503,2,0,681,136,316,463,2,1,0
NY-501,"Elmira/Steuben, Allegany, Livingston, Chemung, Schuyler Counties CoC",226,69,15,142,95,131,0,0,205,21,186,25,1
NY-503,Albany City & County CoC,802,187,58,557,274,527,1,0,706,96,310,431,7,16,6,32,644
NY-504,Cattaragus County CoC,34,6,8,20,17,17,0,0,32,2,27,2,0,2,1,2,34
NY-505,"Syracuse, Auburn/Onondaga, Oswego, Cayuga Counties CoC",798,156,93,549,295,497,6,0,708,90,418,312,4,9
NY-507,Schenectady City & County CoC,274,69,30,175,112,162,0,0,237,37,110,147,0,1,1,15,217
NY-508,"Buffalo, Niagara Falls/Erie, Niagara, Orleans, Genesee, Wyoming Counties CoC",925,222,85,618,375,548,1,1,808,117,381,469
NY-510,Ithaca/Tompkins County CoC,73,9,22,42,36,37,0,0,65,8,51,17,0,1,1,3,31
NY-511,"Binghamton, Union Town/Broome, Otsego, Chenango, Delaware, Cortland, Tioga Count",308,34,30,244,98,209,1,0,294,14,242
NY-512,Troy/Rensselaer County CoC,194,60,22,112,123,71,0,0,158,36,95,72,0,2,10,15,140
NY-513,"Wayne, Ontario, Seneca, Yates Counties CoC",337,50,35,252,141,193,2,1,301,36,252,68,0,3
NY-514,"Jamestown, Dunkirk/Chautauqua County CoC",83,24,19,40,53,30,0,0,52,31,75,4,2,1,0,1
NY-516,Clinton County CoC,126,31,8,87,46,80,0,0,123,3,111,15,0,0,0,0,125
NY-518,"Utica, Rome/Oneida, Madison Counties CoC",162,46,27,89,83,78,1,0,147,15,105,45,3,0,0
NY-519,"Columbia, Greene Counties CoC",144,46,18,80,67,76,1,0,129,15,94,22,2,0,0,26
NY-520,"Franklin, Essex Counties CoC",28,4,4,20,7,21,0,0,27,1,16,12,0,0,0,0
NY-522,"Jefferson, Lewis, St. Lawrence Counties CoC",169,21,28,120,49,119,1,0,147,22,158,10,0,1,0
NY-523,"Glens Falls, Saratoga Springs/Saratoga, Washington, Warren, Hamilton Counties Co",247,45,24,178,91,155,1,0,243,4,211,29,0
NY-600,New York City CoC,"76,501","25,830","7,813","42,858","36,753","39,444",296,8,"49,271","27
NY-601,Poughkeepsie/Dutchess County CoC,388,123,31,234,189,199,0,0,311,77,173,173,1,3,1,37,206
NY-602,"Newburgh, Middletown/Orange County CoC",350,107,26,217,160,190,0,0,249,101,148,162,1,0,0,39
NY-603,"Nassau, Suffolk Counties CoC","3,937","1,836",333,"1,768","1,950","1,984",3,0,"3,196",741
NY-604,"Yonkers, Mount Vernon/Westchester County CoC","1,832",702,183,947,859,968,4,1,"1,409",423,497,"1,269",4
NY-606,Rockland County CoC,170,22,7,141,84,86,0,0,111,59,108,52,2,0,0,8,76
NY-607,Sullivan County CoC,167,36,20,111,70,97,0,0,146,21,115,28,2,0,0,22,165
NY-608,Kingston/Ulster County CoC,411,155,38,218,189,221,1,0,339,72,250,131,0,4,5,21,346
OH-500,Cincinnati/Hamilton County CoC,"1,162",193,97,872,374,788,0,0,"1,140",22,434,685,1,4,3
OH-501,Toledo/Lucas County CoC,499,175,29,295,227,268,3,1,464,35,179,264,0,9,0,47,346
OH-502,Cleveland/Cuyahoga County CoC,"1,727",256,93,"1,378",523,"1,198",6,0,"1,658",69,498,"1,199"
OH-503,Columbus/Franklin County CoC,"1,691",291,186,"1,214",637,"1,043",10,1,"1,636",55,504,"1,039"
OH-504,Youngstown/Mahoning County CoC,262,78,17,167,111,151,0,0,240,22,111,124,3,0,1,23,167
OH-505,"Dayton, Kettering/Montgomery County CoC",619,116,87,416,237,382,0,0,601,18,255,322,0,1,3,38
OH-506,"Akron, Barberton/Summit County CoC",507,87,32,388,171,336,0,0,501,6,260,221,5,3,1,17
OH-507,Ohio Balance of State CoC,"3,309",928,289,"2,092","1,544","1,756",4,5,"3,182",127,"2,530"
OH-508,"Canton, Massillon, Alliance/Stark County CoC",319,110,28,181,174,145,0,0,298,21,162,124,0,2,1
OK-500,North Central Oklahoma CoC,192,72,19,101,114,78,0,0,171,21,147,15,0,23,0,7,94
OK-501,Tulsa City & County CoC,"1,074",164,114,796,373,699,2,0,986,88,614,238,2,125,11,84
OK-502,Oklahoma City CoC,"1,368",236,79,"1,053",506,855,6,1,"1,278",90,849,367,6,117
OK-503,Oklahoma Balance of State CoC,432,147,47,238,209,223,0,0,381,51,233,26,0,105,0,68,100
OK-504,Norman/Cleveland County CoC,174,12,9,153,80,92,2,0,154,20,155,14,0,5,0,0,79
OK-505,Northeast Oklahoma CoC,377,111,45,221,174,203,0,0,367,10,235,3,0,107,0,32,280
OK-506,Southwest Oklahoma Regional CoC,231,49,23,159,80,151,0,0,222,9,122,83,0,26,0,0,88
OK-507,Southeastern Oklahoma Regional CoC,351,76,42,233,166,184,0,1,333,18,239,21,0,69,5,17,206
OR-500,"Eugene, Springfield/Lane County CoC","1,529",160,119,"1,250",514,"1,012",2,1,"1,399",130,"1,287"
OR-501,"Portland, Gresham/Multnomah County CoC","4,177",385,340,"3,452","1,578","2,540",44,15,"3,709",468,"2
OR-502,"Medford, Ashland/Jackson County CoC",633,74,62,497,219,410,3,1,554,79,551,16,1,16,7,42
OR-503,Central Oregon CoC,778,163,78,537,287,489,2,0,681,97,687,20,1,50,5,15,181
OR-505,Oregon Balance of State CoC,"5,795","1,666",480,"3,649","2,524","3,254",14,3,"5,177",618,"5
OR-506,"Hillsboro, Beaverton/Washington County CoC",544,128,47,369,203,335,2,4,474,70,395,49,7,9,22,62
OR-507,Clackamas County CoC,497,60,34,403,168,328,0,1,450,47,400,18,2,29,5,43,87
PA-500,Philadelphia CoC,"5,693","1,534",524,"3,635","2,255","3,373",56,9,"5,283",410,869
PA-501,Harrisburg/Dauphin County CoC,460,98,22,340,162,298,0,0,387,73,170,238,4,1,3,44,238
PA-502,"Upper Darby, Chester, Haverford/Delaware County CoC",453,128,34,291,207,246,0,0,433,20,127,299,4,0,1
PA-503,"Wilkes-Barre, Hazleton/Luzerne County CoC",174,56,20,98,104,70,0,0,135,39,93,67,0,2,0,12
PA-504,"Lower Merion, Norristown, Abington/Montgomery County CoC",310,108,30,172,168,142,0,0,296,14,110,169,2,0,0
PA-505,Chester County CoC,578,116,22,440,201,377,0,0,548,30,307,246,6,2,0,17,260
PA-506,Reading/Berks County CoC,534,112,44,378,173,361,0,0,361,173,397,131,1,2,1,2,290
PA-508,Scranton/Lackawanna County CoC,197,63,20,114,94,103,0,0,168,29,129,42,0,1,0,25,56
PA-509,Eastern Pennsylvania CoC,"2,170",612,220,"1,338","1,031","1,135",4,0,"1,786",384,"1,585"
PA-510,Lancaster City & County CoC,321,86,27,208,155,166,0,0,242,79,189,111,0,3,1,17,181
PA-511,"Bristol, Bensalem/Bucks County CoC",511,191,67,253,294,217,0,0,448,63,325,156,1,1,0,28
PA-512,York City & County CoC,288,103,12,173,144,142,2,0,246,42,170,93,2,0,1,22,116
PA-600,"Pittsburgh, McKeesport, Penn Hills/Allegheny County CoC","1,145",249,109,787,466,675,3,1,"1,107",38,448,598,9
PA-601,Western Pennsylvania CoC,837,190,68,579,364,473,0,0,810,27,656,143,4,1,2,31,451
PA-603,Beaver County CoC,98,40,5,53,52,46,0,0,98,0,42,55,0,0,0,1,66
PA-605,Erie City & County CoC,369,69,36,264,129,239,1,0,348,21,247,108,0,1,0,13,241
PR-502,Puerto Rico Balance of Commonwealth CoC,"1,883",115,102,"1,666",480,"1,402",1,0,50,"1,833",883,379,1
PR-503,South-Southeast Puerto Rico CoC,"1,642",103,97,"1,442",361,"1,274",4,3,27,"1,615",729,254,1
RI-500,Rhode Island Statewide CoC,"1,180",236,78,866,430,743,7,0,917,263,762,309,8,16,3,82
SC-500,Charleston/Low Country CoC,425,21,13,391,81,342,2,0,409,16,170,211,2,3,0,39,99
SC-501,"Greenville, Anderson, Spartanburg/Upstate CoC","1,317",265,80,972,543,769,4,1,"1,283",34,607,658,3
SC-502,Columbia/Midlands CoC,"1,200",167,68,965,433,765,2,0,"1,178",22,361,795,2,13,1
SC-503,"Myrtle Beach, Sumter City & County CoC",974,189,66,719,394,577,2,1,958,16,394,541,1,12,1,25
SD-500,South Dakota Statewide CoC,943,215,62,666,412,529,2,0,901,42,310,44,3,563,8,15,590
TN-500,Chattanooga/Southeast Tennessee CoC,576,70,22,484,206,369,1,0,559,17,368,172,0,2,0,34,298
TN-501,Memphis/Shelby County CoC,"1,426",317,62,"1,047",468,958,0,0,"1,410",16,285,"1,091",5
TN-502,Knoxville/Knox County CoC,812,67,73,672,340,471,1,0,784,28,559,218,4,3,1,27,404
TN-503,Central Tennessee CoC,285,55,42,188,125,160,0,0,258,27,168,116,1,0,0,0,133
TN-504,Nashville-Davidson County CoC,"2,337",267,108,"1,962",725,"1,610",2,0,"2,257",80,"1,220","1
TN-506,Upper Cumberland CoC,252,57,21,174,113,138,1,0,250,2,219,20,1,2,2,8,165
TN-507,Jackson/West Tennessee CoC,"1,103",260,83,760,566,537,0,0,"1,087",16,672,391,0,18,0
TN-509,Appalachian Regional CoC,450,61,13,376,152,298,0,0,444,6,413,27,2,2,0,6,231
TN-510,Murfreesboro/Rutherford County CoC,316,35,17,264,194,122,0,0,313,3,193,105,2,3,0,13,193
TN-512,"Morristown/Blount, Sevier, Campbell, Cocke Counties CoC",752,175,102,475,367,380,2,3,730,22,678,54,0,7
TX-500,San Antonio/Bexar County CoC,"2,743",511,161,"2,071","1,039","1,691",12,1,"1,529","1,214","1
TX-503,Austin/Travis County CoC,"2,036",386,144,"1,506",704,"1,328",4,0,"1,473",563,"1,129",757
TX-600,"Dallas City & County, Irving CoC","3,789",569,239,"2,981","1,307","2,477",3,2,"3,293",496,"1
TX-601,"Fort Worth, Arlington/Tarrant County CoC","1,941",407,104,"1,430",741,"1,200",0,0,"1,690",251,930,941
TX-603,El Paso City & County CoC,"1,193",342,92,759,506,687,0,0,381,812,"1,068",75,11,15,3
TX-604,Waco/McLennan County CoC,221,66,18,137,105,115,0,1,176,45,128,77,2,2,0,12,93
TX-607,Texas Balance of State CoC,"7,153","1,306",679,"5,168","2,779","4,287",19,68,"4,586","2,567"
TX-611,Amarillo CoC,531,34,44,453,176,335,1,19,458,73,300,103,0,10,3,115,419
TX-624,"Wichita Falls/Wise, Palo Pinto, Wichita, Archer Counties CoC",234,39,24,171,99,132,1,2,215,19,165,57,0,0
TX-700,"Houston, Pasadena, Conroe/Harris, Ft. Bend, Montgomery, Counties CoC","3,605",611,237,"2,757","1,371","2,226",7,1
TX-701,"Bryan, College Station/Brazos Valley CoC",102,15,8,79,34,68,0,0,91,11,46,52,3,1,0,0
UT-500,Salt Lake City & County CoC,"2,047",440,143,"1,464",720,"1,321",6,0,"1,558",489,"1,514",230
UT-503,Utah Balance of State CoC,634,158,47,429,286,347,1,0,528,106,535,44,2,24,4,25,477
UT-504,Provo/Mountainland CoC,171,39,13,119,77,94,0,0,124,47,153,8,0,4,1,5,67
VA-500,"Richmond/Henrico, Chesterfield, Hanover Counties CoC",662,56,41,565,139,522,0,1,641,21,245,399,2,0,1
VA-501,"Norfolk, Chesapeake, Suffolk/Isle of Wight, Southampton Counties CoC",703,84,46,573,201,500,2,0,664,39,166,505,8,0
VA-502,"Roanoke City & County, Salem CoC",267,45,21,201,101,165,1,0,259,8,147,95,0,0,0,25
VA-503,Virginia Beach CoC,349,81,35,233,149,198,1,1,310,39,163,163,4,3,5,11,174
VA-504,Charlottesville CoC,160,29,8,123,52,107,1,0,153,7,82,63,0,5,1,9,115
VA-505,"Newport News, Hampton/Virginia Peninsula CoC",512,103,24,385,203,308,1,0,471,41,150,343,0,2,0,17
VA-507,Portsmouth CoC,151,22,2,127,43,108,0,0,138,13,26,120,0,0,5,0,67
VA-508,Lynchburg CoC,125,23,7,95,56,68,0,1,117,8,56,66,1,2,0,0,94
VA-513,"Harrisburg, Winchester/Western Virginia CoC",280,49,11,220,102,178,0,0,271,9,203,45,1,4,1,26
VA-514,"Fredericksburg/Spotsylvania, Stafford Counties CoC",216,61,27,128,92,123,1,0,204,12,99,90,6,3,0,18
VA-521,Virginia Balance of State CoC,722,195,38,489,341,380,0,1,677,45,411,278,2,5,1,25,439
VA-600,Arlington County CoC,232,48,18,166,90,142,0,0,199,33,55,144,8,0,0,25,182
VA-601,Fairfax County CoC,964,289,88,587,421,542,0,1,797,167,354,511,49,4,4,42,637
VA-602,Loudoun County CoC,113,27,11,75,40,73,0,0,87,26,71,36,2,0,0,4,74
VA-603,Alexandria CoC,211,56,13,142,97,113,1,0,192,19,57,143,1,2,1,7,133
VA-604,Prince William County CoC,400,131,25,244,188,211,1,0,336,64,132,240,0,2,1,25,168
VI-500,Virgin Islands CoC,381,9,5,367,73,298,0,10,332,49,54,311,1,5,3,7,39
VT-500,Vermont Balance of State CoC,934,252,112,570,434,496,2,2,891,43,860,41,3,2,1,27,626
VT-501,Burlington/Chittenden County CoC,291,54,30,207,127,161,3,0,274,17,233,38,4,4,1,11,217
WA-500,Seattle/King County CoC,"11,643","1,914","1,488","8,241","4,203","7,211",139,90,"10,045","1
WA-501,Washington Balance of State CoC,"5,243","1,287",478,"3,478","2,311","2,915",8,9,"4,396",847,"4
WA-502,Spokane City & County CoC,"1,090",203,73,814,424,662,3,1,"1,017",73,870,62,6,71,18
WA-503,"Tacoma, Lakewood/Pierce County CoC","1,321",269,106,946,529,787,1,4,"1,168",153,739,239,28,46
WA-504,Everett/Snohomish County CoC,"1,066",202,108,756,432,628,3,3,932,134,800,108,10,46,23,79
WA-508,Vancouver/Clark County CoC,749,234,43,472,321,428,0,0,702,47,600,64,0,13,50,22,251
WI-500,Wisconsin Balance of State CoC,"3,348","1,183",271,"1,894","1,624","1,714",8,2,"3,096",252,"2
WI-501,Milwaukee City & County CoC,900,157,91,652,310,589,1,0,828,72,279,571,3,9,2,36,557
WI-502,Racine City & County CoC,194,41,14,139,70,124,0,0,180,14,104,70,0,3,1,16,137
WI-503,Madison/Dane County CoC,585,165,55,365,263,319,3,0,531,54,239,291,10,9,0,36,345
WV-500,"Wheeling, Weirton Area CoC",118,26,6,86,67,51,0,0,118,0,94,18,0,1,0,5
WV-501,"Huntington/Cabell, Wayne Counties CoC",205,34,11,160,85,120,0,0,205,0,175,28,0,1,0,1
WV-503,"Charleston/Kanawha, Putnam, Boone, Clay Counties CoC",319,32,22,265,65,254,0,0,319,0,225,89,0,0
WV-508,West Virginia Balance of State CoC,667,74,48,545,245,421,1,0,646,21,568,79,2,3,3,12,496
WY-500,Wyoming Statewide CoC,873,129,59,685,300,570,3,0,767,106,651,43,2,145,8,24,321
,Total,"550,996","114,529","50,992","385,475","214,975","333,049","2,088",884,"432,634"
,,,,,,,,,,,,,,,,,,
"a MO-604 covers territory in both Missouri and Kansas. The record described in this file represents the CoC's total territory, the sum of the point-in-time estimates the CoC separately reported for the portions of its territory in MO and in KS. However, in the companion file, Point-in-Time Estimates by State, MO-604's data have been split up between MO and KS.",,,,,,,,,,,,,,
,,,,,,,,,,,,,,,,,,
CoC Number,CoC Name,"Overall Homeless, 2016","Overall Homeless - Under 18, 2016","Overall Homeless - Age 18 to 24, 2016","Overall Homeless - Over 24, 2016","Overall Homeless - Female, 2016","Overall Homeless - Male, 2016","Overall Homeless - Transgender, 2016","Overall Homeless - Non-Hispanic/Non-Latino, 2016","Overall Homeless - Hispanic/Latino
AK-500,Anchorage CoC,"1,105",124,100,881,433,670,2,"1,024",81,345,109,13,494,32,112
AK-501,Alaska Balance of State CoC,835,150,73,612,375,457,3,773,62,394,38,31,292,21,59,434,100
AL-500,"Birmingham/Jefferson, St. Clair, Shelby Counties CoC","1,228",192,119,917,465,757,6,"1,211",17,431,728,1,25
AL-501,Mobile City & County/Baldwin County CoC,623,93,30,500,215,406,2,605,18,276,318,0,8,3,18,284,49
AL-502,Florence/Northwest Alabama CoC,337,76,17,244,220,117,0,330,7,243,88,0,0,0,6,85,29
AL-503,Huntsville/North Alabama CoC,385,72,32,281,141,244,0,375,10,194,180,0,2,0,9,282,69
AL-504,Montgomery City & County CoC,367,57,18,292,181,186,0,361,6,69,297,1,0,0,0,173,28
AL-505,Gadsden/Northeast Alabama CoC,167,33,7,127,79,88,0,160,7,80,80,0,4,0,3,55,9
AL-506,Tuscaloosa City & County CoC,177,36,19,122,82,95,0,174,3,46,127,0,1,0,3,14,5
AL-507,Alabama Balance of State CoC,827,122,62,643,350,473,4,811,16,375,433,2,9,1,7,177,53
AR-500,Little Rock/Central Arkansas CoC,808,44,40,724,229,578,1,786,22,336,441,0,6,1,24,288,17
AR-501,Fayetteville/Northwest Arkansas CoC,550,167,14,369,264,286,0,499,51,398,105,4,7,2,34,251,68
AR-503,Arkansas  Balance of State  CoC,761,125,112,524,394,367,0,752,9,455,290,1,3,5,7,304,54
AR-504,Delta Hills CoC,89,31,18,40,50,39,0,87,2,87,0,0,0,0,2,79,31
AR-505,Southeast Arkansas CoC,89,43,7,39,48,41,0,89,0,37,46,0,2,0,4,78,40
AR-508,Fort Smith CoC,166,22,6,138,62,104,0,164,2,138,12,5,3,0,8,92,13
AZ-500,Arizona Balance of State CoC,"2,240",314,128,"1,798",825,"1,409",6,"1,835",405,"1,679",89,7
AZ-501,Tucson/Pima County CoC,"1,765",296,167,"1,302",577,"1,184",4,"1,226",539,"1,269",213,12
AZ-502,"Phoenix, Mesa/Maricopa County CoC","5,702","1,412",438,"3,852","2,283","3,412",7,"4,281","1,421"
CA-500,San Jose/Santa Clara City & County CoC,"6,524",584,903,"5,037","1,827","4,657",40,"3,905","2,619","2,871"
CA-501,San Francisco CoC,"6,996",496,"1,434","5,066","1,533","5,305",158,"5,513","1,483","2
CA-502,"Oakland, Berkeley/Alameda County CoC","4,145",568,399,"3,178","1,571","2,547",27,"3,327",818,"1,332"
CA-503,Sacramento City & County CoC,"2,500",358,298,"1,844",851,"1,646",3,"2,119",381,"1,365",891,22
CA-504,"Santa Rosa, Petaluma/Sonoma County CoC","2,906",305,582,"2,019",919,"1,945",42,"2,228",678,"1,799",240
CA-505,Richmond/Contra Costa County CoC,"1,730",214,120,"1,396",634,"1,095",1,"1,449",281,766,576,28,113
CA-506,"Salinas/Monterey, San Benito Counties CoC","3,022",343,305,"2,374",965,"2,053",4,"1,934","1,088","1,665"
CA-507,Marin County CoC,"1,258",114,362,782,349,907,2,"1,050",208,837,239,15,43,6,118
CA-508,Watsonville/Santa Cruz City & County CoC,"1,959",312,305,"1,342",663,"1,290",6,"1,228",731,"1,248",114,47
CA-509,Mendocino County CoC,"1,242",51,251,940,388,854,0,993,249,"1,023",26,2,143,6,42
CA-510,"Turlock, Modesto/Stanislaus County CoC","1,434",172,127,"1,135",516,918,0,"1,012",422,876,255,29,94
CA-511,Stockton/San Joaquin County CoC,"1,780",531,81,"1,168",751,"1,029",0,"1,174",606,"1,110",482,17
CA-512,Daly/San Mateo County CoC,"1,361",258,81,"1,022",529,832,0,952,409,706,285,75,162,102,31
CA-513,"Visalia/Kings, Tulare Counties CoC",792,95,60,637,315,475,2,442,350,672,47,2,44,5,22,155
CA-514,Fresno City & County/Madera County CoC,"1,883",131,136,"1,616",632,"1,248",3,"1,076",807,"1,340",272,30
CA-515,"Roseville, Rocklin/Placer County CoC","1,021",92,74,855,384,636,1,940,81,864,20,4,66,3,64
CA-516,"Redding/Shasta, Siskiyou, Lassen, Plumas, Del Norte, Modoc, Sierra Counties CoC","1,272",126,171,975,476,796,0,"1,133",139
CA-517,Napa City & County CoC,317,60,28,229,126,187,4,209,108,243,9,4,36,5,20,143,20
CA-518,Vallejo/Solano County CoC,"1,118",92,114,912,380,735,3,888,230,445,375,29,48,10,211,170
CA-519,"Chico, Paradise/Butte County CoC",574,87,67,420,199,374,1,508,66,486,16,1,41,8,22,182
CA-520,Merced City & County CoC,516,9,40,467,167,348,1,360,156,377,64,6,13,4,52,80,3
CA-521,"Davis, Woodland/Yolo County CoC",532,128,54,350,222,309,1,402,130,389,76,8,11,4,44,189
CA-522,Humboldt County CoC,"1,134",99,91,944,400,734,0,"1,068",66,886,35,5,169,8,31
CA-523,"Colusa, Glenn, Trinity Counties CoC",115,23,9,83,46,69,0,83,32,103,1,3,3,1,4
CA-524,Yuba City & County/Sutter County CoC,702,197,59,446,357,345,0,570,132,558,96,14,17,0,17,106,28
CA-525,El Dorado County CoC,269,56,13,200,113,156,0,203,66,242,1,6,0,5,15,72,9
CA-526,"Amador, Calaveras, Mariposa, Tuolumne Counties CoC",632,71,70,491,247,385,0,579,53,541,12,1,31,6
CA-527,Tehama County CoC,133,20,8,105,54,79,0,118,15,114,2,0,14,0,3,63,13
CA-529,Lake County CoC,332,68,15,249,151,179,2,299,33,293,14,0,24,1,0,32,20
CA-530,"Alpine, Inyo, Mono Counties CoC",130,12,5,113,40,90,0,111,19,116,0,3,5,0,6
CA-600,Los Angeles City & County CoC,"43,854","3,615","3,447","36,792","14,461","28,913",480,"31,993","11,861"
CA-601,San Diego City and County CoC,"8,669","1,213",966,"6,490","2,953","5,674",42,"6,200","2,469","5
CA-602,"Santa Ana, Anaheim/Orange County CoC","4,319",803,226,"3,290","1,659","2,657",3,"2,535","1,784","3
CA-603,Santa Maria/Santa Barbara County CoC,"1,813",280,150,"1,383",643,"1,168",2,"1,157",656,"1,210",115,13
CA-604,Bakersfield/Kern County CoC,"1,067",121,94,852,283,783,1,788,279,694,182,3,52,10,126,385
CA-606,Long Beach CoC,"2,250",217,108,"1,925",705,"1,539",6,"1,737",513,"1,227",775,68
CA-607,Pasadena CoC,530,45,42,443,177,352,1,377,153,277,213,4,7,3,26,100,16
CA-608,Riverside City & County CoC,"2,165",179,154,"1,832",720,"1,443",2,"1,456",709,"1,537",363,25
CA-609,San Bernardino City & County CoC,"1,887",318,175,"1,394",695,"1,190",2,"1,278",609,"1,207",456,30
CA-611,"Oxnard, San Buenaventura/Ventura County CoC","1,271",151,71,"1,049",469,802,0,832,439,960,64,20,27,17
CA-612,Glendale CoC,240,39,9,192,88,151,1,184,56,141,80,8,4,2,5,154,12
CA-613,Imperial County CoC,380,60,50,270,138,242,0,40,340,358,16,0,1,0,5,79,28
CA-614,San Luis Obispo County CoC,"1,368",115,406,847,379,984,5,987,381,"1,016",80,8,44,3,217
CO-500,Colorado Balance of State CoC,"3,520",837,352,"2,331","1,447","2,066",7,"2,254","1,266","2,910"
CO-503,Metropolitan Denver CoC,"5,728","1,218",507,"4,003","2,178","3,505",45,"4,257","1,471","3
CO-504,Colorado Springs/El Paso County CoC,"1,302",272,124,906,478,822,2,"1,092",210,915,251,8,33,9,86
CT-503,"Bridgeport, Stamford, Norwalk, Danbury/Fairfield County CoC",886,223,51,612,354,532,0,609,277,394,438,8,3,9
CT-505,Connecticut Balance of State CoC,"3,016",608,152,"2,256","1,104","1,908",4,"2,187",829,"1,701","1
DC-500,District of Columbia CoC,"8,350","2,732",920,"4,698","3,802","4,512",36,"7,916",434,439,"7
DE-500,Delaware Statewide CoC,"1,070",196,69,805,411,658,1,"1,011",59,406,617,1,1,3,42
FL-500,"Sarasota, Bradenton/Manatee, Sarasota Counties CoC","1,468",178,92,"1,198",478,989,1,"1,319",149,"1,154",267
FL-501,Tampa/Hillsborough County CoC,"1,817",346,107,"1,364",687,"1,130",0,"1,580",237,961,748,17,29
FL-502,"St. Petersburg, Clearwater, Largo/Pinellas County CoC","2,777",266,130,"2,381",746,"2,027",4,"2,595",182,"1,756"
FL-503,"Lakeland, Winterhaven/Polk County CoC",635,149,28,458,254,379,2,514,121,380,180,0,10,2,63,201
FL-504,"Deltona, Daytona Beach/Volusia, Flagler Counties CoC","1,005",163,56,786,367,638,0,957,48,695,276,1,14,2
FL-505,"Fort Walton Beach/Okaloosa, Walton Counties CoC",629,99,58,472,231,395,3,559,70,421,156,5,4,6,37,168
FL-506,Tallahassee/Leon County CoC,869,167,64,638,295,573,1,832,37,301,537,3,3,3,22,555,119
FL-507,"Orlando/Orange, Osceola, Seminole Counties CoC","1,670",369,130,"1,171",651,"1,017",2,"1,356",314,787,842
FL-508,"Gainesville/Alachua, Putnam Counties CoC",844,181,24,639,300,540,4,802,42,527,258,2,22,2,33,291
FL-509,"Fort Pierce/St. Lucie, Indian River, Martin Counties CoC","2,382",750,116,"1,516","1,128","1,252",2,"2,084",298,"1
FL-510,"Jacksonville-Duval, Clay Counties CoC","1,959",313,109,"1,537",750,"1,204",5,"1,847",112,748,"1,120"
FL-511,"Pensacola/Escambia, Santa Rosa Counties CoC",798,127,53,618,251,547,0,763,35,441,337,2,13,2,3,366
FL-512,St. Johns County CoC,"1,064",174,30,860,362,702,0,"1,009",55,663,366,2,4,1,28
FL-513,"Palm Bay, Melbourne/Brevard County CoC",827,211,43,573,309,517,1,755,72,548,230,0,8,3,38,174
FL-514,Ocala/Marion County CoC,823,108,54,661,256,567,0,753,70,519,237,3,3,3,58,196,52
FL-515,"Panama City/Bay, Jackson Counties CoC",310,32,19,259,128,182,0,298,12,242,50,0,8,4,6,40
FL-517,"Hendry, Hardee, Highlands Counties CoC","1,071",352,0,719,334,737,0,759,312,837,214,0,0,0
FL-518,"Columbia, Hamilton, Lafayette, Suwannee Counties CoC","1,145",193,299,653,319,826,0,"1,100",45,535,512,13
FL-519,Pasco County CoC,"1,055",246,137,672,484,571,0,942,113,888,130,4,13,0,20,98
FL-520,"Citrus, Hernando, Lake, Sumter Counties CoC",595,114,46,435,235,360,0,545,50,483,93,1,3,1
FL-600,Miami-Dade County CoC,"4,235",714,207,"3,314","1,325","2,910",0,"2,655","1,580","1,966"
FL-601,Ft Lauderdale/Broward County CoC,"2,302",303,173,"1,826",762,"1,536",4,"2,047",255,962,"1,280",4
FL-602,Punta Gorda/Charlotte County CoC,388,101,47,240,156,231,1,360,28,348,30,1,9,0,0,57,8
FL-603,"Ft Myers, Cape Coral/Lee County CoC",439,83,30,326,184,255,0,378,61,301,122,2,5,1,8,205
FL-604,Monroe County CoC,575,56,28,491,135,440,0,494,81,519,41,2,5,0,8,186,20
FL-605,West Palm Beach/Palm Beach County CoC,"1,332",203,92,"1,037",435,897,0,"1,181",151,716,558,6,12,3
FL-606,Naples/Collier County CoC,545,142,66,337,227,318,0,371,174,462,53,0,4,2,24,210,47
GA-500,Atlanta CoC,"4,063",299,375,"3,389",791,"3,247",25,"3,843",220,352,"3,517",8
GA-501,Georgia Balance of State CoC,"5,575","1,312",300,"3,963","2,345","3,230",0,"5,241",334,"2,524"
GA-502,Fulton County CoC,483,113,62,308,225,257,1,477,6,49,430,2,0,0,2,139,45
GA-503,Athens-Clarke County CoC,224,45,16,163,91,133,0,212,12,91,126,1,1,0,5,141,39
GA-504,Augusta-Richmond County CoC,287,56,15,216,118,169,0,282,5,80,191,5,2,0,9,143,16
GA-505,Columbus-Muscogee CoC,329,38,15,276,135,194,0,326,3,112,203,1,4,0,9,202,34
GA-506,Marietta/Cobb County CoC,405,124,22,259,195,210,0,397,8,136,256,1,2,6,4,133,46
GA-507,Savannah/Chatham County CoC,"1,070",101,57,912,393,677,0,"1,037",33,423,628,2,7,0,10
GA-508,DeKalb County CoC,473,149,45,279,214,259,0,451,22,55,406,2,2,0,8,101,53
GU-500,Guam CoC,"1,085",470,103,512,529,555,1,"1,061",24,11,4,17,0,"1,033"
HI-500,Hawaii Balance of State CoC,"2,981",689,228,"2,064","1,226","1,750",5,"2,624",357,"1,041",75
HI-501,Honolulu City and County CoC,"4,940","1,252",303,"3,385","2,017","2,891",32,"4,365",575,779,194
IA-500,"Sioux City/Dakota, Woodbury Counties CoC",348,122,31,195,179,169,0,263,85,211,25,1,53,2,56,168
IA-501,Iowa Balance of State CoC,"1,923",741,190,992,931,990,2,"1,761",162,"1,130",655,3,12,2
IA-502,Des Moines/Polk County CoC,793,150,64,579,293,500,0,742,51,528,218,14,8,1,24,406,64
ID-500,Boise/Ada County CoC,867,126,56,685,284,581,2,793,74,726,55,4,43,13,26,477,71
ID-501,Idaho Balance of State CoC,"1,380",452,139,789,682,697,1,"1,183",197,"1,202",21,5,90,10
IL-500,McHenry County CoC,154,32,2,120,81,73,0,145,9,149,5,0,0,0,0,48,4
IL-501,"Rockford/DeKalb, Winnebago, Boone Counties CoC",336,82,33,221,145,191,0,291,45,167,154,5,2,0,8
IL-502,"Waukegan, North Chicago/Lake County CoC",299,100,21,178,151,148,0,233,66,122,166,1,0,0,10,159
IL-503,"Champaign, Urbana, Rantoul/Champaign County CoC",188,43,23,122,79,109,0,174,14,85,86,2,3,0,12
IL-504,Madison County CoC,199,96,17,86,104,95,0,194,5,112,80,0,0,0,7,58,21
IL-506,"Joliet, Bolingbrook/Will County CoC",290,66,16,208,103,187,0,242,48,149,137,0,0,0,4,160
IL-507,"Peoria, Pekin/Fulton, Tazewell, Peoria, Woodford Counties CoC",378,61,81,236,147,231,0,351,27,183,153,9,7
IL-508,"East St. Louis, Belleville/St. Clair County CoC",240,67,24,149,125,115,0,235,5,60,174,2,0,0,4,48
IL-510,Chicago CoC,"5,889","1,382",536,"3,971","2,184","3,682",23,"5,242",647,"1,116"
IL-511,Cook County CoC,952,240,77,635,436,514,2,837,115,410,493,9,6,0,34,449,85
IL-512,Bloomington/Central Illinois CoC,411,116,53,242,204,206,1,387,24,229,175,0,0,0,7,254,56
IL-513,Springfield/Sangamon County CoC,261,61,14,186,107,153,1,252,9,110,139,0,1,0,11,139,21
IL-514,DuPage County CoC,555,223,72,260,305,247,3,458,97,342,172,22,0,0,19,175,33
IL-515,South Central Illinois CoC,133,55,7,71,73,60,0,131,2,117,16,0,0,0,0,54,16
IL-516,Decatur/Macon County CoC,157,26,17,114,47,110,0,154,3,81,68,0,0,0,8,83,3
IL-517,"Aurora, Elgin/Kane County CoC",355,51,27,277,126,228,1,284,71,210,113,9,7,1,15,286
IL-518,"Rock Island, Moline/Northwestern Illinois CoC",340,74,40,226,124,216,0,309,31,203,124,0,0,0,13,179
IL-519,West Central Illinois CoC,102,19,10,73,50,52,0,98,4,78,22,0,0,0,2,56,10
IL-520,Southern Illinois CoC,351,98,60,193,155,196,0,324,27,291,41,0,2,0,17,198,56
IN-502,Indiana Balance of State CoC,"4,179","1,010",328,"2,841","1,866","2,306",7,"4,008",171,"2,921"
IN-503,Indianapolis CoC,"1,619",309,120,"1,190",548,"1,069",2,"1,569",50,666,865,14,15
KS-502,Wichita/Sedgwick County CoC,571,127,47,397,195,376,0,503,68,342,156,3,28,2,40,351,58
KS-503,Topeka/Shawnee County CoC,381,66,17,298,134,247,0,347,34,247,51,2,21,0,60,249,47
KS-505,"Overland Park, Shawnee/Johnson County CoC",153,74,13,66,97,56,0,144,9,83,51,6,0,0,13,100
KS-507,Kansas Balance of State CoC,903,303,18,582,474,428,1,802,101,751,102,2,14,0,34,335,93
KY-500,Kentucky Balance of State CoC,"2,057",473,201,"1,383",905,"1,149",3,"2,008",49,"1,672",245,3
KY-501,Louisville-Jefferson County CoC,"1,116",204,60,852,343,770,3,"1,051",65,456,590,0,6,0,64
KY-502,Lexington-Fayette County CoC,"1,064",110,69,885,327,737,0,"1,009",55,767,268,0,6,0,23
LA-500,Lafayette/Acadiana CoC,463,112,25,326,199,263,1,457,6,195,235,2,1,0,30,161,49
LA-502,"Shreveport, Bossier/Northwest Louisiana CoC",478,74,28,376,159,317,2,455,23,171,276,0,5,0,26,301
LA-503,New Orleans/Jefferson Parish CoC,"1,626",132,220,"1,274",474,"1,146",6,"1,556",70,577,"1,017",5
LA-505,Monroe/Northeast Louisiana CoC,188,72,27,89,97,91,0,186,2,69,117,0,0,0,2,60,12
LA-506,Slidell/Southeast Louisiana CoC,275,41,18,216,84,191,0,264,11,136,127,0,1,0,11,89,17
LA-507,Alexandria/Central Louisiana CoC,167,30,4,133,50,117,0,163,4,62,91,2,0,1,11,50,9
LA-509,Louisiana Balance of State CoC,797,147,83,567,274,523,0,732,65,272,456,3,3,2,61,256,73
MA-500,Boston CoC,"6,240","2,311",284,"3,645","2,733","3,496",11,"3,898","2,342","2
MA-502,Lynn CoC,541,155,64,322,248,293,0,439,102,401,48,0,0,0,92,490,149
MA-503,Cape Cod Islands CoC,394,107,27,260,178,216,0,365,29,304,73,3,11,0,3,286,101
MA-504,Springfield/Hampden County CoC,"2,385","1,221",206,958,"1,325","1,060",0,959,"1,426","1,892",432
MA-505,New Bedford CoC,469,86,37,346,194,275,0,376,93,322,84,0,9,2,52,195,75
MA-506,Worcester City & County CoC,"1,572",632,139,801,775,795,2,"1,011",561,"1,081",428,12,4,30
MA-507,"Pittsfield/Berkshire, Franklin, Hampshire Counties CoC",653,118,34,501,174,478,1,545,108,528,22,0,1,1,101
MA-508,Lowell CoC,594,234,55,305,275,318,1,345,249,399,66,30,4,2,93,481,193
MA-509,Cambridge CoC,517,64,50,403,174,342,1,426,91,325,149,6,7,1,29,293,32
MA-510,"Gloucester, Haverhill, Salem/Essex County CoC","1,206",558,92,556,636,570,0,719,487,863,244,8,2,3
MA-511,"Quincy, Brockton, Weymouth, Plymouth City and County CoC","1,692",720,157,815,886,806,0,"1,381",311,808,850,4
MA-515,Fall River CoC,386,162,32,192,219,167,0,319,67,262,100,2,0,0,22,286,136
MA-516,Massachusetts Balance of State CoC,"2,551","1,250",260,"1,041","1,426","1,124",1,"1,583",968,"1,451"
MA-517,Somerville CoC,165,37,28,100,100,65,0,115,50,108,49,2,0,0,6,94,27
MA-519,"Attleboro, Taunton/Bristol County CoC",243,109,27,107,103,140,0,179,64,139,99,0,0,0,5,158
MD-500,Cumberland/Allegany County CoC,124,31,5,88,67,57,0,122,2,107,16,0,0,0,1,51,11
MD-501,Baltimore CoC,"2,725",460,145,"2,120",810,"1,909",6,"2,310",415,677,"1,941",6
MD-502,Harford County CoC,179,54,10,115,93,86,0,170,9,103,64,0,0,0,12,81,7
MD-503,Annapolis/Anne Arundel County CoC,390,100,24,266,158,232,0,373,17,157,216,1,1,1,14,253,55
MD-504,Howard County CoC,214,65,9,140,91,123,0,197,17,57,136,3,4,0,14,201,63
MD-505,Baltimore County CoC,763,240,56,467,353,410,0,746,17,283,461,2,5,0,12,406,125
MD-506,Carroll County CoC,136,38,11,87,53,83,0,131,5,107,17,3,1,0,8,81,20
MD-507,Cecil County CoC,167,37,11,119,58,109,0,162,5,120,42,0,3,1,1,26,9
MD-508,"Charles, Calvert, St.Mary's Counties CoC",464,107,37,320,209,255,0,462,2,166,284,1,2,1,10
MD-509,Frederick City & County CoC,349,59,22,268,113,235,1,324,25,221,115,0,3,0,10,109,13
MD-510,Garrett County CoC,20,6,3,11,10,10,0,20,0,18,0,0,0,0,2,17,6
MD-511,Mid-Shore Regional CoC,138,33,2,103,52,86,0,136,2,67,66,0,0,0,5,81,18
MD-512,Hagerstown/Washington County CoC,233,23,15,195,79,154,0,223,10,169,47,2,7,0,8,130,17
MD-513,"Wicomico, Somerset, Worcester Counties CoC",262,30,18,214,102,160,0,256,6,125,123,0,1,1,12
MD-600,Prince George's County CoC,544,193,47,304,275,269,0,500,44,47,469,2,3,2,21,251,89
MD-601,Montgomery County CoC,981,229,48,704,399,582,0,838,143,264,623,14,4,4,72,589,132
ME-500,Maine Statewide CoC,"2,241",580,201,"1,460","1,007","1,231",3,"2,171",70,"1,872",237
MI-500,Michigan Balance of State CoC,"1,466",449,187,830,768,696,2,"1,372",94,"1,148",199,1,40,11
MI-501,Detroit CoC,"2,335",415,227,"1,693",792,"1,536",7,"2,291",44,239,"2,043",7
MI-502,"Dearborn, Dearborn Heights, Westland/Wayne County CoC",277,91,16,170,134,143,0,269,8,160,106,0,3,0,8
MI-503,"St. Clair Shores, Warren/Macomb County CoC",403,59,40,304,129,274,0,395,8,196,184,1,1,0,21,265
MI-504,"Pontiac, Royal Oak/Oakland County CoC",438,109,65,264,199,239,0,425,13,159,261,0,0,0,18,233
MI-505,Flint/Genesee County CoC,377,102,49,226,160,216,1,375,2,89,260,0,7,15,6,227,63
MI-506,"Grand Rapids, Wyoming/Kent County CoC",800,189,53,558,293,507,0,698,102,371,368,5,12,2,42,594
MI-507,"Portage, Kalamazoo City & County CoC",374,147,41,186,181,192,1,352,22,121,208,2,1,1,41,267
MI-508,"Lansing, East Lansing/Ingham County CoC",471,117,34,320,191,279,1,431,40,239,173,2,3,1,53,296
MI-509,Washtenaw County CoC,342,52,24,266,103,236,3,324,18,134,194,4,5,0,5,236,49
MI-510,Saginaw City & County CoC,343,117,36,190,153,190,0,323,20,95,236,1,0,0,11,197,65
MI-511,Lenawee County CoC,137,55,11,71,63,74,0,91,46,125,4,0,1,0,7,81,25
MI-512,"Grand Traverse, Antrim, Leelanau Counties CoC",243,38,16,189,77,166,0,229,14,209,4,1,7,0,22
MI-513,"Marquette, Alger Counties CoC",70,27,16,27,38,32,0,66,4,63,3,0,0,0,4,33
MI-514,Battle Creek/Calhoun County CoC,246,47,28,171,91,155,0,242,4,114,113,0,1,0,18,158,38
MI-515,Monroe City & County CoC,176,38,18,120,79,97,0,169,7,121,52,0,0,0,3,98,35
MI-516,"Norton Shores, Muskegon City & County CoC",191,60,32,99,88,102,1,177,14,82,95,0,0,0,14,141
MI-517,Jackson City & County CoC,169,73,15,81,93,76,0,166,3,93,65,0,0,0,11,74,21
MI-518,Livingston County CoC,77,28,9,40,33,44,0,75,2,71,2,3,0,0,1,22,4
MI-519,Holland/Ottawa County CoC,261,101,26,134,119,142,0,218,43,191,52,4,1,0,13,117,30
MI-523,Eaton County CoC,120,67,13,40,70,50,0,104,16,92,15,0,1,0,12,29,16
MN-500,Minneapolis/Hennepin County CoC,"3,056","1,184",286,"1,586","1,324","1,721",11,"2,756",300,692,"2
MN-501,Saint Paul/Ramsey County CoC,"1,346",384,181,781,653,689,4,"1,199",147,470,638,30,59,14,135
MN-502,Rochester/Southeast Minnesota CoC,423,178,60,185,250,173,0,363,60,237,148,4,11,0,23,210,59
MN-503,"Dakota, Anoka, Washington, Scott, Carver Counties",618,212,100,306,315,303,0,566,52,344,163,7,10
MN-504,Northeast Minnesota CoC,77,31,12,34,33,44,0,75,2,66,2,0,6,0,3,17,3
MN-505,St. Cloud/Central Minnesota CoC,669,195,111,363,326,339,4,643,26,390,132,4,112,1,30,276,81
MN-506,Northwest Minnesota CoC,290,120,60,110,175,115,0,271,19,116,22,0,115,0,37,126,48
MN-508,Moorhead/West Central Minnesota CoC,211,67,34,110,100,111,0,191,20,103,38,0,50,1,19,131,38
MN-509,Duluth/St.Louis County CoC,528,136,73,319,235,293,0,509,19,273,100,2,127,2,24,207,55
MN-511,Southwest Minnesota CoC,123,56,17,50,70,53,0,90,33,89,11,0,12,0,11,64,28
MO-500,St. Louis County CoC,465,223,76,166,285,180,0,464,1,133,301,1,0,0,30,269,156
MO-501,St.Louis City CoC,"1,248",307,151,790,546,702,0,"1,209",39,290,916,5,19,1,17
MO-503,"St. Charles City & County, Lincoln, Warren Counties CoC",610,195,58,357,322,288,0,589,21,482,101,1,1,0,25
MO-600,"Springfield/Greene, Christian, Webster Counties CoC",496,109,65,322,250,244,2,455,41,386,44,0,35,3,28
MO-602,"Joplin/Jasper, Newton Counties CoC",297,55,26,216,101,196,0,293,4,238,27,0,10,1,21,128
MO-603,"St. Joseph/Andrew, Buchanan, DeKalb Counties CoC",195,53,17,125,80,115,0,184,11,137,42,0,2,0,14
MO-604a,"Kansas City, Independence, Lee’s Summit/Jackson, Wyandotte Counties, MO & KS","1,699",398,132,"1,169",668,"1,028",3,"1,573",126
MO-606,Missouri Balance of State CoC,"1,431",405,109,917,704,726,1,"1,388",43,"1,084",264,7,17,2
MS-500,"Jackson/Rankin, Madison Counties CoC",633,36,28,569,253,368,12,626,7,139,481,3,5,2,3,218
MS-501,Mississippi Balance of State CoC,785,189,71,525,337,448,0,780,5,317,458,0,9,1,0,257,42
MS-503,Gulf Port/Gulf Coast Regional CoC,320,41,15,264,122,198,0,312,8,191,115,4,8,0,2,49,9
MT-500,Montana Statewide CoC,"1,418",350,123,945,599,818,1,"1,306",112,877,25,1,366,6,143
NC-500,Winston-Salem/Forsyth County CoC,544,90,34,420,171,373,0,522,22,172,348,0,6,0,18,413,77
NC-501,Asheville/Buncombe County CoC,509,24,24,461,116,391,2,488,21,347,142,0,6,0,14,229,15
NC-502,Durham City & County CoC,354,79,24,251,129,224,1,316,38,84,249,0,3,0,18,216,42
NC-503,North Carolina Balance of State CoC,"2,963",696,205,"2,062","1,297","1,662",4,"2,846",117,"1,561","1
NC-504,"Greensboro, High Point CoC",721,129,56,536,253,468,0,703,18,209,479,5,5,1,22,441
NC-505,Charlotte/Mecklenberg CoC,"1,818",414,115,"1,289",800,"1,016",2,"1,758",60,338,"1,415",1
NC-506,"Wilmington/Brunswick, New Hanover, Pender Counties CoC",389,67,13,309,137,251,1,377,12,255,107,0,8,0,19
NC-507,Raleigh/Wake County CoC,818,162,62,594,277,540,1,764,54,180,604,1,7,0,26,535,108
NC-509,"Gastonia/Cleveland, Gaston, Lincoln Counties CoC",328,70,20,238,129,198,1,311,17,177,138,1,5,0,7
NC-511,Fayetteville/Cumberland County CoC,515,119,22,374,188,327,0,499,16,120,375,0,10,2,8,80,13
NC-513,Chapel Hill/Orange County CoC,80,6,4,70,21,59,0,74,6,40,39,0,0,0,1,21,0
NC-516,Northwest North Carolina CoC,520,138,71,311,256,264,0,469,51,491,29,0,0,0,0,83,15
ND-500,North Dakota Statewide CoC,923,154,86,683,331,590,2,844,79,510,129,5,218,1,60,535,56
NE-500,Nebraska Balance of State CoC,551,169,58,324,258,293,0,473,78,491,23,0,8,1,28,185,37
NE-501,"Omaha, Council Bluffs CoC","1,509",266,137,"1,106",463,"1,043",3,"1,306",203,884,434,8
NE-502,Lincoln CoC,694,155,63,476,259,435,0,613,81,483,113,3,27,1,67,316,58
NH-500,New Hampshire Balance of State CoC,670,127,73,470,309,358,3,642,28,598,42,1,1,0,28,431,85
NH-501,Manchester CoC,400,115,40,245,183,217,0,353,47,325,33,0,2,2,38,122,28
NH-502,Nashua/Hillsborough County CoC,296,79,26,191,109,187,0,252,44,260,19,1,0,0,16,100,12
NJ-500,Atlantic City & County CoC,476,21,45,410,112,364,0,422,54,244,213,12,1,1,5,323,21
NJ-501,Bergen County CoC,296,76,28,192,146,150,0,217,79,174,111,8,1,0,2,148,28
NJ-502,Burlington County CoC,926,272,95,559,457,469,0,863,63,421,480,1,4,6,14,845,259
NJ-503,"Camden City & County/Gloucester, Cape May, Cumberland Counties CoC","1,068",213,99,756,377,691,0,911,157,488,526,5,10,14
NJ-504,Newark/Essex County CoC,"1,779",379,226,"1,174",789,985,5,"1,467",312,389,"1,297",5,26
NJ-506,"Jersey City, Bayonne/Hudson County CoC",829,147,50,632,288,540,1,483,346,395,402,6,15,4,7,485
NJ-507,New Brunswick/Middlesex County CoC,457,144,34,279,194,261,2,313,144,220,221,4,3,0,9,295,109
NJ-508,Monmouth County CoC,344,92,28,224,152,192,0,278,66,172,146,0,3,9,14,170,28
NJ-509,Morris County CoC,410,104,27,279,169,241,0,327,83,251,122,4,2,0,31,223,61
NJ-510,Lakewood Township/Ocean County CoC,429,162,27,240,227,202,0,355,74,311,111,1,3,0,3,306,129
NJ-511,Paterson/Passaic County CoC,432,152,50,230,223,209,0,275,157,163,260,1,2,0,6,371,141
NJ-513,Somerset County CoC,218,38,26,154,92,126,0,189,29,93,114,0,1,0,10,54,26
NJ-514,Trenton/Mercer County CoC,465,83,38,344,155,309,1,391,74,157,291,2,4,4,7,309,63
NJ-515,Elizabeth/Union County CoC,513,161,56,296,249,264,0,379,134,189,310,2,4,0,8,327,83
NJ-516,"Warren, Sussex, Hunterdon Counties CoC",253,42,21,190,108,145,0,229,24,168,78,5,0,1,1
NM-500,Albuquerque CoC,"1,222",271,92,859,419,799,4,722,500,710,139,6,230,13,124,674
NM-501,New Mexico Balance of State CoC,"1,041",258,118,665,429,605,7,664,377,563,42,12,346,3,75,567
NV-500,Las Vegas/Clark County CoC,"6,208",511,"1,279","4,418","1,492","4,711",5,"5,393",815,"3,393"
NV-501,"Reno, Sparks/Washoe County CoC",989,80,126,783,276,712,1,883,106,758,131,10,28,13,49,452
NV-502,Nevada Balance of State CoC,201,48,19,134,83,118,0,172,29,178,4,0,17,1,1,66,20
NY-500,"Rochester, Irondequoit, Greece/Monroe County CoC",860,225,143,492,360,498,2,718,142,293,526,3,4,2,32
NY-501,"Elmira/Steuben, Allegany, Livingston, Chemung, Schuyler Counties CoC",506,108,78,320,233,273,0,495,11,426,57,3,9
NY-503,Albany City & County CoC,748,189,85,474,254,493,1,686,62,301,396,0,4,2,45,594,167
NY-504,Cattaragus County CoC,27,8,2,17,10,17,0,27,0,22,0,0,1,0,4,27,8
NY-505,"Syracuse, Auburn/Onondaga, Oswego, Cayuga Counties CoC",867,178,123,566,313,551,3,789,78,461,338,9,3,5
NY-507,Schenectady City & County CoC,345,63,41,241,127,218,0,317,28,150,159,1,0,0,35,243,41
NY-508,"Buffalo, Niagara Falls/Erie, Niagara, Orleans, Genesee, Wyoming Counties CoC",962,241,75,646,398,564,0,867,95,383,525,6
NY-510,Ithaca/Tompkins County CoC,86,10,28,48,31,55,0,81,5,56,29,1,0,0,0,34,7
NY-511,"Binghamton, Union Town/Broome, Otsego, Chenango, Delaware, Cortland, Tioga Count",276,44,28,204,73,202,1,273,3,251,19
NY-512,Troy/Rensselaer County CoC,179,58,33,88,93,86,0,149,30,82,74,0,7,2,14,132,43
NY-513,"Wayne, Ontario, Seneca, Yates Counties CoC",58,17,8,33,14,44,0,58,0,51,6,0,0,1
NY-514,"Jamestown, Dunkirk/Chautauqua County CoC",23,5,9,9,13,10,0,15,8,22,0,0,0,0,1,9
NY-516,Clinton County CoC,132,23,20,89,51,81,0,126,6,121,10,0,0,0,1,130,23
NY-518,"Utica, Rome/Oneida, Madison Counties CoC",160,33,43,84,77,83,0,143,17,83,57,2,1,0,17
NY-519,"Columbia, Greene Counties CoC",116,41,12,63,55,61,0,92,24,85,22,0,0,0,9,103
NY-520,"Franklin, Essex Counties CoC",27,4,1,22,10,17,0,27,0,26,1,0,0,0,0,25
NY-522,"Jefferson, Lewis, St. Lawrence Counties CoC",119,12,18,89,39,80,0,113,6,111,6,0,1,0,1
NY-523,"Glens Falls, Saratoga Springs/Saratoga, Washington, Warren, Hamilton Counties Co",268,47,33,188,102,164,2,260,8,230,22,3,1
NY-600,New York City CoC,"73,523","25,764","7,318","40,441","35,441","37,868",214,"36,423","37,100"
NY-601,Poughkeepsie/Dutchess County CoC,385,104,35,246,189,196,0,317,68,186,152,0,2,1,44,176,51
NY-602,"Newburgh, Middletown/Orange County CoC",343,109,50,184,148,195,0,264,79,147,156,2,0,0,38,266
NY-603,"Nassau, Suffolk Counties CoC","3,960","2,025",355,"1,580","2,012","1,948",0,"3,115",845,"1
NY-604,"Yonkers, Mount Vernon/Westchester County CoC","1,750",662,217,871,828,921,1,"1,365",385,499,"1,193",1,6
NY-606,Rockland County CoC,141,10,10,121,61,80,0,91,50,83,37,4,1,0,16,65,10
NY-607,Sullivan County CoC,163,47,8,108,59,104,0,140,23,107,39,0,0,0,17,163,47
NY-608,Kingston/Ulster County CoC,328,95,43,190,156,171,1,273,55,204,100,0,1,0,23,262,91
OH-500,Cincinnati/Hamilton County CoC,"1,116",188,89,839,337,777,2,"1,104",12,387,668,1,4,2,54
OH-501,Toledo/Lucas County CoC,599,137,43,419,248,348,3,579,20,260,317,1,3,2,16,427,107
OH-502,Cleveland/Cuyahoga County CoC,"1,697",224,110,"1,363",457,"1,233",7,"1,606",91,487,"1,178",7
OH-503,Columbus/Franklin County CoC,"1,724",293,175,"1,256",629,"1,090",5,"1,666",58,532,"1,045",10
OH-504,Youngstown/Mahoning County CoC,346,75,15,256,138,208,0,315,31,174,129,0,3,1,39,221,29
OH-505,"Dayton, Kettering/Montgomery County CoC",751,131,125,495,286,465,0,730,21,321,385,4,1,1,39,526
OH-506,"Akron, Barberton/Summit County CoC",679,163,63,453,276,402,1,671,8,311,319,1,4,0,44,317
OH-507,Ohio Balance of State CoC,"3,032",846,302,"1,884","1,423","1,609",0,"2,944",88,"2,460",424
OH-508,"Canton, Massillon, Alliance/Stark County CoC",460,172,22,266,252,205,3,456,4,244,167,0,6,0,43
OK-500,North Central Oklahoma CoC,129,33,18,78,58,71,0,116,13,105,7,0,13,0,4,55,25
OK-501,Tulsa City & County CoC,"1,043",172,101,770,444,599,0,"1,002",41,578,267,8,149,0,41
OK-502,Oklahoma City CoC,"1,511",208,129,"1,174",535,974,2,"1,411",100,875,446,10,146,7
OK-503,Oklahoma Balance of State CoC,295,83,47,165,143,152,0,280,15,188,22,0,62,0,23,89,34
OK-504,Norman/Cleveland County CoC,138,14,10,114,55,83,0,125,13,124,6,0,2,0,6,72,10
OK-505,Northeast Oklahoma CoC,368,92,26,250,140,228,0,358,10,234,8,0,103,0,23,292,80
OK-506,Southwest Oklahoma Regional CoC,187,45,13,129,46,141,0,187,0,103,71,0,13,0,0,93,24
OK-507,Southeastern Oklahoma Regional CoC,436,117,83,236,194,242,0,414,22,297,53,7,51,0,28,200,50
OR-500,"Eugene, Springfield/Lane County CoC","1,451",135,122,"1,194",468,980,3,"1,331",120,"1,220",41,5
OR-501,"Portland, Gresham/Multnomah County CoC","3,914",399,334,"3,181","1,493","2,385",36,"3,485",429,"2,638"
OR-502,"Medford, Ashland/Jackson County CoC",527,82,45,400,201,325,1,453,74,424,39,2,20,9,33,151
OR-503,Central Oregon CoC,602,130,52,420,232,368,2,547,55,545,9,1,35,2,10,156,31
OR-505,Oregon Balance of State CoC,"5,710","1,616",541,"3,553","2,493","3,203",14,"5,117",593,"5,061"
OR-506,"Hillsboro, Beaverton/Washington County CoC",571,114,44,413,193,377,1,490,81,475,31,5,9,5,46,74
OR-507,Clackamas County CoC,463,90,50,323,206,255,2,397,66,370,27,6,34,2,24,38,21
PA-500,Philadelphia CoC,"6,112","1,753",568,"3,791","2,552","3,533",27,"5,584",528,934,"4
PA-501,Harrisburg/Dauphin County CoC,433,132,29,272,122,311,0,308,125,175,230,1,0,0,27,205,48
PA-502,"Upper Darby, Chester, Haverford/Delaware County CoC",406,93,30,283,192,214,0,391,15,162,235,0,0,0,9
PA-503,"Wilkes-Barre, Hazleton/Luzerne County CoC",169,34,12,123,94,75,0,149,20,110,50,0,1,1,7,82
PA-504,"Lower Merion, Norristown, Abington/Montgomery County CoC",398,149,30,219,206,192,0,373,25,155,220,2,1,0,20
PA-505,Chester County CoC,558,121,14,423,165,393,0,524,34,336,179,3,3,2,35,198,50
PA-506,Reading/Berks County CoC,521,109,48,364,178,343,0,347,174,359,159,1,2,0,0,259,31
PA-508,Scranton/Lackawanna County CoC,242,88,25,129,113,129,0,211,31,174,42,0,0,0,26,80,25
PA-509,Eastern Pennsylvania CoC,"2,599",743,344,"1,512","1,168","1,428",3,"2,167",432,"1,957",540
PA-510,Lancaster City & County CoC,356,122,22,212,179,177,0,247,109,221,115,3,3,0,14,201,76
PA-511,"Bristol, Bensalem/Bucks County CoC",530,215,56,259,320,210,0,475,55,312,167,0,2,0,49,170
PA-512,York City & County CoC,365,148,23,194,165,197,3,312,53,254,95,2,3,0,11,165,66
PA-600,"Pittsburgh, McKeesport, Penn Hills/Allegheny County CoC","1,156",247,145,764,481,673,2,"1,137",19,385,675,7,4
PA-601,Western Pennsylvania CoC,986,267,96,623,435,548,3,952,34,771,139,0,5,2,69,445,106
PA-603,Beaver County CoC,131,47,3,81,66,65,0,130,1,101,29,1,0,0,0,71,33
PA-605,Erie City & County CoC,377,74,43,260,157,220,0,355,22,241,111,2,0,0,23,219,30
PR-502,Puerto Rico Balance of Commonwealth CoC,"2,343",182,123,"2,038",648,"1,690",5,95,"2,248",888,405,3,48
PR-503,South-Southeast Puerto Rico CoC,"2,075",195,105,"1,775",579,"1,488",8,23,"2,052","1,021",333,1
RI-500,Rhode Island Statewide CoC,"1,160",195,89,876,421,738,1,924,236,767,291,15,17,3,67,822
SC-500,Charleston/Low Country CoC,550,17,35,498,135,415,0,539,11,200,256,2,0,0,92,174,9
SC-501,"Greenville, Anderson, Spartanburg/Upstate CoC","1,829",417,103,"1,309",719,"1,108",2,"1,774",55,963,779
SC-502,Columbia/Midlands CoC,"1,350",175,75,"1,100",434,915,1,"1,323",27,418,880,4,7,9
SC-503,"Myrtle Beach, Sumter City & County CoC","1,322",211,112,999,503,819,0,"1,288",34,578,711,1,11,3
SD-500,South Dakota Statewide CoC,"1,072",329,128,615,456,616,0,"1,026",46,322,72,2,624,5,47
TN-500,Chattanooga/Southeast Tennessee CoC,527,96,36,395,217,310,0,513,14,314,205,0,2,0,6,353,62
TN-501,Memphis/Shelby County CoC,"1,669",371,105,"1,193",544,"1,120",5,"1,659",10,361,"1,293",1
TN-502,Knoxville/Knox County CoC,748,44,45,659,282,464,2,729,19,525,180,2,8,1,32,399,23
TN-503,Central Tennessee CoC,296,35,25,236,115,181,0,292,4,181,108,0,1,0,6,125,31
TN-504,Nashville-Davidson County CoC,"2,365",184,82,"2,099",522,"1,841",2,"2,251",114,"1,295",975,14
TN-506,Upper Cumberland CoC,249,62,16,171,127,122,0,246,3,222,13,0,0,0,14,161,34
TN-507,Jackson/West Tennessee CoC,"1,541",254,102,"1,185",701,840,0,"1,495",46,"1,029",460,4,28
TN-509,Appalachian Regional CoC,448,48,29,371,141,307,0,436,12,398,32,0,0,0,18,221,23
TN-510,Murfreesboro/Rutherford County CoC,306,46,52,208,126,180,0,306,0,225,69,0,0,0,12,150,32
TN-512,"Morristown/Blount, Sevier, Campbell, Cocke Counties CoC",630,158,51,421,285,335,10,614,16,590,28,2,1,2
TX-500,San Antonio/Bexar County CoC,"2,781",488,163,"2,130","1,000","1,763",18,"1,582","1,199","1,983"
TX-503,Austin/Travis County CoC,"2,138",424,177,"1,537",745,"1,386",7,"1,480",658,"1,314",667,14
TX-600,"Dallas City & County, Irving CoC","3,810",755,208,"2,847","1,912","1,890",8,"3,307",503,"1,263"
TX-601,"Fort Worth, Arlington/Tarrant County CoC","1,938",372,95,"1,471",735,"1,202",1,"1,728",210,866,973,21
TX-603,El Paso City & County CoC,"1,100",366,71,663,493,607,0,311,789,966,95,10,19,7,3,494
TX-604,Waco/McLennan County CoC,267,105,17,145,135,131,1,215,52,131,115,0,2,1,18,136,49
TX-607,Texas Balance of State CoC,"6,048","1,277",531,"4,240","2,464","3,575",9,"4,247","1,801","3
TX-611,Amarillo CoC,592,86,36,470,217,375,0,460,132,427,113,0,10,3,39,516,57
TX-624,"Wichita Falls/Wise, Palo Pinto, Wichita, Archer Counties CoC",256,40,18,198,124,132,0,248,8,188,68,0,0,0
TX-700,"Houston, Pasadena, Conroe/Harris, Ft. Bend, Montgomery, Counties CoC","4,031",646,272,"3,113","1,439","2,587",5,"3
TX-701,"Bryan, College Station/Brazos Valley CoC",161,56,8,97,70,91,0,137,24,85,75,1,0,0,0,108
UT-500,Salt Lake City & County CoC,"1,891",398,111,"1,382",642,"1,242",7,"1,461",430,"1,430",204,23
UT-503,Utah Balance of State CoC,738,187,53,498,311,427,0,616,122,645,35,6,26,7,19,474,109
UT-504,Provo/Mountainland CoC,178,53,15,110,90,88,0,146,32,164,3,0,3,0,8,76,28
VA-500,"Richmond/Henrico, Chesterfield, Hanover Counties CoC",762,85,51,626,188,571,3,746,16,255,485,3,1,1,17
VA-501,"Norfolk, Chesapeake, Suffolk/Isle of Wight, Southampton Counties CoC",723,127,44,552,226,497,0,707,16,167,522,2,1,1
VA-502,"Roanoke City & County, Salem CoC",308,47,24,237,110,198,0,293,15,161,142,0,1,0,4,290
VA-503,Virginia Beach CoC,389,109,39,241,179,209,1,359,30,144,228,1,3,2,11,182,32
VA-504,Charlottesville CoC,157,28,10,119,51,105,1,149,8,74,69,2,3,0,9,101,7
VA-505,"Newport News, Hampton/Virginia Peninsula CoC",464,91,23,350,178,286,0,437,27,145,300,2,2,1,14,290
VA-507,Portsmouth CoC,169,25,8,136,76,93,0,163,6,21,139,4,3,0,2,81,19
VA-508,Lynchburg CoC,174,33,16,125,71,103,0,163,11,88,75,0,3,0,8,92,13
VA-513,"Harrisburg, Winchester/Western Virginia CoC",268,54,19,195,111,157,0,238,30,209,41,1,0,0,17,261
VA-514,"Fredericksburg/Spotsylvania, Stafford Counties CoC",209,57,18,134,89,120,0,183,26,105,70,6,3,0,25,148
VA-521,Virginia Balance of State CoC,654,164,77,413,315,339,0,613,41,381,230,1,10,1,31,392,95
VA-600,Arlington County CoC,174,28,14,132,133,41,0,145,29,60,101,4,1,1,7,136,23
VA-601,Fairfax County CoC,"1,059",342,92,625,485,573,1,867,192,453,514,49,3,2,38,590
VA-602,Loudoun County CoC,134,43,9,82,65,69,0,115,19,75,48,4,2,0,5,70,21
VA-603,Alexandria CoC,224,64,14,146,88,135,1,178,46,69,150,4,0,0,1,153,39
VA-604,Prince William County CoC,400,135,20,245,196,204,0,351,49,138,223,1,1,2,35,173,47
VI-500,Virgin Islands CoC,341,22,8,311,80,261,0,304,37,51,257,1,6,1,25,53,15
VT-500,Vermont Balance of State CoC,785,191,98,496,350,434,1,729,56,713,43,2,6,0,21,470,122
VT-501,Burlington/Chittenden County CoC,332,72,27,233,124,206,2,311,21,255,45,4,6,0,22,190,39
WA-500,Seattle/King County CoC,"10,730","1,703",967,"8,060","3,587","7,111",32,"9,233","1,497","4
WA-501,Washington Balance of State CoC,"5,706","1,312",479,"3,915","2,510","3,183",13,"4,629","1,077","4
WA-502,Spokane City & County CoC,981,206,69,706,422,559,0,925,56,774,58,4,48,20,77,526,83
WA-503,"Tacoma, Lakewood/Pierce County CoC","1,762",410,140,"1,212",781,979,2,"1,605",157,591,285,15,51
WA-504,Everett/Snohomish County CoC,960,181,70,709,377,576,7,855,105,724,77,29,21,27,82,366,107
WA-508,Vancouver/Clark County CoC,688,226,42,420,315,373,0,617,71,561,30,2,12,55,28,221,65
WI-500,Wisconsin Balance of State CoC,"3,445","1,205",343,"1,897","1,677","1,763",5,"3,146",299,"2,289"
WI-501,Milwaukee City & County CoC,"1,415",380,155,880,557,855,3,"1,300",115,376,922,6,11,5,95
WI-502,Racine City & County CoC,196,54,11,131,87,109,0,184,12,92,99,0,1,0,4,124,36
WI-503,Madison/Dane County CoC,629,170,49,410,271,356,2,581,48,273,311,2,6,3,34,365,116
WV-500,"Wheeling, Weirton Area CoC",91,15,6,70,28,63,0,89,2,84,5,0,0,0,2,62
WV-501,"Huntington/Cabell, Wayne Counties CoC",228,56,28,144,109,119,0,228,0,194,32,0,1,0,1,151
WV-503,"Charleston/Kanawha, Putnam, Boone, Clay Counties CoC",320,37,21,262,80,240,0,317,3,237,72,1,1,0
WV-508,West Virginia Balance of State CoC,748,112,55,581,264,484,0,735,13,597,107,0,4,1,39,521,86
WY-500,Wyoming Statewide CoC,857,195,61,601,338,518,1,736,121,660,39,2,128,0,28,297,63
,Total,"549,928","120,819","50,001","379,108","217,268","330,890","1,770","428,629","121
,,,,,,,,,,,,,,,,,,
"a MO-604 covers territory in both Missouri and Kansas. The record described in this file represents the CoC's total territory, the sum of the point-in-time estimates the CoC separately reported for the portions of its territory in MO and in KS. However, in the companion file, Point-in-Time Estimates by State, MO-604's data have been split up between MO and KS.",,,,,,,,,,,,,,
,,,,,,,,,,,,,,,,,,
CoC Number,CoC Name,"Overall Homeless, 2015","Overall Homeless - Under 18, 2015","Overall Homeless - Age 18 to 24, 2015","Overall Homeless - Over 24, 2015","Overall Homeless - Female, 2015","Overall Homeless - Male, 2015","Overall Homeless - Transgender, 2015","Overall Homeless - Non-Hispanic/Non-Latino, 2015","Overall Homeless - Hispanic/Latino
AK-500,Anchorage CoC,"1,208",258,128,822,453,753,2,"1,136",72,440,122,12,520,53,61
AK-501,Alaska Balance of State CoC,748,153,69,526,320,428,0,726,22,305,22,6,363,9,43,433,87
AL-500,"Birmingham/Jefferson, St. Clair, Shelby Counties CoC","1,153",181,89,883,386,759,8,"1,133",20,391,748,1,8
AL-501,Mobile City & County/Baldwin County CoC,578,72,36,470,173,405,0,564,14,230,335,1,2,1,9,258,24
AL-502,Florence/Northwest Alabama CoC,245,56,5,184,142,102,1,235,10,214,26,0,3,0,2,60,23
AL-503,Huntsville/North Alabama CoC,420,81,20,319,150,270,0,413,7,246,158,3,6,0,7,339,75
AL-504,Montgomery City & County CoC,441,70,24,347,197,244,0,429,12,108,326,0,0,0,7,171,18
AL-505,Gadsden/Northeast Alabama CoC,156,23,24,109,64,92,0,155,1,86,64,0,0,0,6,97,18
AL-506,Tuscaloosa City & County CoC,339,94,21,224,134,204,1,337,2,93,244,0,0,0,2,0,0
AL-507,Alabama Balance of State CoC,638,139,52,447,286,351,1,635,3,445,189,0,0,0,4,201,75
AR-500,Little Rock/Central Arkansas CoC,830,43,44,743,220,610,0,765,65,344,467,1,2,1,15,254,20
AR-501,Fayetteville/Northwest Arkansas CoC,665,180,60,425,300,365,0,614,51,502,90,1,23,28,21,431,115
AR-503,Arkansas  Balance of State  CoC,774,145,114,515,343,431,0,653,121,491,272,1,1,0,9,317,73
AR-504,Delta Hills CoC,40,2,0,38,25,15,0,40,0,33,7,0,0,0,0,26,2
AR-505,Southeast Arkansas CoC,72,31,7,34,38,34,0,56,16,22,49,0,0,0,1,59,28
AR-508,Fort Smith CoC,179,16,18,145,52,127,0,15,164,151,18,4,6,0,0,74,16
AZ-500,Arizona Balance of State CoC,"2,402",396,199,"1,807","1,036","1,364",2,"1,895",507,"1,736",98
AZ-501,Tucson/Pima County CoC,"1,863",340,188,"1,335",662,"1,196",5,"1,274",589,"1,395",226,7
AZ-502,"Phoenix, Mesa/Maricopa County CoC","5,631","1,388",437,"3,806","2,268","3,356",7,"4,347","1,284"
CA-500,San Jose/Santa Clara City & County CoC,"6,556",587,897,"5,072","1,782","4,729",45,"3,907","2,649","2,889"
CA-501,San Francisco CoC,"6,775",444,"1,389","4,942","1,814","4,849",112,"5,525","1,250","2
CA-502,"Oakland, Berkeley/Alameda County CoC","4,040",541,414,"3,085","1,529","2,484",27,"3,280",760,"1,279"
CA-503,Sacramento City & County CoC,"2,659",452,303,"1,904",920,"1,737",2,"2,208",451,"1,485",921,22
CA-504,"Santa Rosa, Petaluma/Sonoma County CoC","3,097",263,647,"2,187",992,"2,086",19,"2,498",599,"2,048",199
CA-505,Richmond/Contra Costa County CoC,"2,031",249,173,"1,609",776,"1,252",3,"1,604",427,"1,042",659,37
CA-506,"Salinas/Monterey, San Benito Counties CoC","2,959",322,310,"2,327",900,"2,054",5,"1,883","1,076","1,643"
CA-507,Marin County CoC,"1,318",144,377,797,370,939,9,"1,091",227,795,256,20,65,9,173
CA-508,Watsonville/Santa Cruz City & County CoC,"1,964",297,274,"1,393",658,"1,298",8,"1,219",745,"1,253",115,48
CA-509,Mendocino County CoC,947,63,102,782,320,624,3,820,127,718,12,1,103,14,99,112,11
CA-510,"Turlock, Modesto/Stanislaus County CoC","1,408",177,95,"1,136",384,"1,022",2,993,415,"1,175",116,16
CA-511,Stockton/San Joaquin County CoC,"1,708",472,69,"1,167",696,"1,012",0,"1,174",534,"1,112",404,36
CA-512,Daly/San Mateo County CoC,"1,483",305,78,"1,100",545,936,2,"1,007",476,786,308,53,160,138
CA-513,"Visalia/Kings, Tulare Counties CoC",862,85,79,698,329,533,0,485,377,731,65,2,33,7,24,161
CA-514,Fresno City & County/Madera County CoC,"1,722",193,188,"1,341",526,"1,194",2,"1,038",684,"1,256",228,27
CA-515,"Roseville, Rocklin/Placer County CoC",796,120,65,611,305,491,0,736,60,681,18,7,51,5,34,216
CA-516,"Redding/Shasta, Siskiyou, Lassen, Plumas, Del Norte, Modoc, Sierra Counties CoC",591,48,52,491,191,400,0,527,64,518,24
CA-517,Napa City & County CoC,293,44,21,228,112,180,1,218,75,222,16,3,41,2,9,132,17
CA-518,Vallejo/Solano County CoC,"1,082",62,117,903,345,734,3,844,238,463,375,23,42,4,175,108
CA-519,"Chico, Paradise/Butte County CoC",571,59,64,448,212,359,0,505,66,475,22,3,31,6,34,211
CA-520,Merced City & County CoC,898,16,73,809,330,568,0,620,278,501,157,10,25,27,178,99,4
CA-521,"Davis, Woodland/Yolo County CoC",498,86,49,363,188,310,0,378,120,312,80,1,1,5,99,163
CA-522,Humboldt County CoC,"1,180",113,101,966,414,766,0,"1,102",78,934,44,5,164,7,26
CA-523,"Colusa, Glenn, Trinity Counties CoC",136,32,10,94,55,81,0,86,50,130,1,1,4,0,0
CA-524,Yuba City & County/Sutter County CoC,716,182,48,486,387,329,0,569,147,560,109,10,16,0,21,175,52
CA-525,El Dorado County CoC,269,76,17,176,119,150,0,207,62,244,1,6,0,5,13,46,24
CA-526,"Amador, Calaveras, Mariposa, Tuolumne Counties CoC",430,54,50,326,162,268,0,374,56,364,13,3,28,7
CA-527,Tehama County CoC,138,15,11,112,45,93,0,126,12,119,0,0,16,0,3,37,5
CA-529,Lake County CoC,315,51,14,250,144,169,2,296,19,275,10,2,27,1,0,15,5
CA-530,"Alpine, Inyo, Mono Counties CoC",53,4,10,39,13,40,0,47,6,45,4,0,3,1,0
CA-600,Los Angeles City & County CoC,"41,174","4,205","3,089","33,880","13,554","27,392",228,"30,076","11,098"
CA-601,San Diego City and County CoC,"8,742","1,278",846,"6,618","3,170","5,553",19,"6,332","2,410","5
CA-602,"Santa Ana, Anaheim/Orange County CoC","4,452",853,247,"3,352","1,722","2,729",1,"2,724","1,728","3
CA-603,Santa Maria/Santa Barbara County CoC,"1,729",217,131,"1,381",606,"1,121",2,"1,177",552,"1,109",102,10
CA-604,Bakersfield/Kern County CoC,954,150,66,738,294,660,0,665,289,704,128,26,19,3,74,361,102
CA-606,Long Beach CoC,"2,345",255,134,"1,956",742,"1,597",6,"1,759",586,"1,281",808,67
CA-607,Pasadena CoC,632,59,43,530,194,437,1,474,158,278,273,8,12,5,56,83,21
CA-608,Riverside City & County CoC,"2,372",204,183,"1,985",777,"1,588",7,"1,665",707,"1,781",392,28
CA-609,San Bernardino City & County CoC,"2,149",357,228,"1,564",768,"1,380",1,"1,496",653,"1,251",616,47
CA-611,"Oxnard, San Buenaventura/Ventura County CoC","1,417",178,113,"1,126",546,869,2,822,595,967,127,12,51,16
CA-612,Glendale CoC,208,44,11,153,85,123,0,174,34,91,40,5,3,7,62,45,17
CA-613,Imperial County CoC,554,76,42,436,163,391,0,256,298,511,16,6,7,3,11,150,40
CA-614,San Luis Obispo County CoC,"1,515",225,415,875,492,"1,018",5,"1,196",319,"1,183",79,7,36
CO-500,Colorado Balance of State CoC,"3,545",908,386,"2,251","1,465","2,073",7,"2,248","1,297","2,967"
CO-503,Metropolitan Denver CoC,"5,335","1,443",329,"3,563","2,102","3,225",8,"3,860","1,475","2
CO-504,Colorado Springs/El Paso County CoC,"1,073",177,93,803,356,714,3,898,175,784,189,9,40,0,51,496
CT-503,"Bridgeport, Stamford, Norwalk, Danbury/Fairfield County CoC",913,239,57,617,363,549,1,623,290,419,442,9,13,5
CT-505,Connecticut Balance of State CoC,"3,134",588,177,"2,369","1,142","1,986",6,"2,300",834,"1,745","1
DC-500,District of Columbia CoC,"7,298","2,056",736,"4,506","3,087","4,198",13,"6,914",384,443,"6
DE-500,Delaware Statewide CoC,953,227,81,645,400,553,0,899,54,369,513,3,11,3,54,529,108
FL-500,"Sarasota, Bradenton/Manatee, Sarasota Counties CoC","1,198",148,101,949,374,823,1,"1,081",117,911,242,4,9
FL-501,Tampa/Hillsborough County CoC,"1,931",365,140,"1,426",741,"1,188",2,"1,627",304,897,877,16,18
FL-502,"St. Petersburg, Clearwater, Largo/Pinellas County CoC","3,387",377,158,"2,852",958,"2,423",6,"3,155",232,"2,168"
FL-503,"Lakeland, Winterhaven/Polk County CoC",464,74,18,372,161,303,0,426,38,269,171,1,16,3,4,138
FL-504,"Deltona, Daytona Beach/Volusia, Flagler Counties CoC","1,325",221,56,"1,048",481,840,4,"1,207",118,982,264,0
FL-505,"Fort Walton Beach/Okaloosa, Walton Counties CoC",683,74,116,493,211,472,0,655,28,505,151,8,5,3,11,154
FL-506,Tallahassee/Leon County CoC,863,163,62,638,311,552,0,827,36,311,524,4,7,3,14,320,82
FL-507,"Orlando/Orange, Osceola, Seminole Counties CoC","2,112",457,181,"1,474",790,"1,321",1,"1,676",436,"1,016"
FL-508,"Gainesville/Alachua, Putnam Counties CoC",870,65,38,767,533,334,3,811,59,489,289,6,48,5,33,129
FL-509,"Fort Pierce/St. Lucie, Indian River, Martin Counties CoC","2,412",689,59,"1,664","1,119","1,291",2,"2,089",323,"1
FL-510,"Jacksonville-Duval, Clay Counties CoC","1,853",355,101,"1,397",785,"1,068",0,"1,752",101,708,989,5
FL-511,"Pensacola/Escambia, Santa Rosa Counties CoC","1,014",234,50,730,274,739,1,983,31,599,329,4,62,6,14
FL-512,St. Johns County CoC,"1,161",167,37,957,326,835,0,"1,083",78,814,320,4,3,0,20
FL-513,"Palm Bay, Melbourne/Brevard County CoC","1,072",244,86,742,414,658,0,994,78,749,252,4,4,12,51
FL-514,Ocala/Marion County CoC,787,130,57,600,266,521,0,732,55,486,230,6,0,3,62,163,56
FL-515,"Panama City/Bay, Jackson Counties CoC",317,31,21,265,113,204,0,305,12,234,68,0,1,7,7,43
FL-517,"Hendry, Hardee, Highlands Counties CoC","1,218",432,25,761,442,776,0,778,440,965,208,0,10,0
FL-518,"Columbia, Hamilton, Lafayette, Suwannee Counties CoC","1,115",175,306,634,298,817,0,"1,069",46,537,484,12
FL-519,Pasco County CoC,"1,019",224,135,660,479,540,0,970,49,864,127,0,9,0,19,96
FL-520,"Citrus, Hernando, Lake, Sumter Counties CoC",731,127,63,541,311,420,0,622,109,576,134,1,7,5
FL-600,Miami-Dade County CoC,"4,152",945,255,"2,952","1,327","2,792",33,"2,684","1,468","1,723"
FL-601,Ft Lauderdale/Broward County CoC,"2,615",360,176,"2,079",856,"1,754",5,"2,239",376,"1,167","1,406"
FL-602,Punta Gorda/Charlotte County CoC,562,173,14,375,233,329,0,509,53,516,31,3,12,0,0,59,28
FL-603,"Ft Myers, Cape Coral/Lee County CoC",614,65,41,508,206,408,0,537,77,437,157,0,7,4,9,223
FL-604,Monroe County CoC,615,35,23,557,153,461,1,553,62,518,49,2,16,7,23,191,22
FL-605,West Palm Beach/Palm Beach County CoC,"1,421",140,100,"1,181",414,"1,007",0,"1,252",169,804,573,2,11
FL-606,Naples/Collier County CoC,389,69,32,288,143,246,0,296,93,295,57,4,1,0,32,211,44
GA-500,Atlanta CoC,"4,317",369,216,"3,732","1,051","3,238",28,"4,160",157,667,"3,505"
GA-501,Georgia Balance of State CoC,"5,797","1,445",359,"3,993","2,504","3,293",0,"5,447",350,"2,631"
GA-502,Fulton County CoC,473,113,52,308,213,259,1,467,6,49,420,2,0,0,2,137,45
GA-503,Athens-Clarke County CoC,226,26,11,189,80,146,0,133,93,100,120,0,2,0,4,127,24
GA-504,Augusta-Richmond County CoC,407,74,22,311,154,253,0,401,6,119,268,1,2,1,16,145,16
GA-505,Columbus-Muscogee CoC,371,30,20,321,122,248,1,362,9,139,223,0,1,0,8,170,30
GA-506,Marietta/Cobb County CoC,415,136,18,261,193,222,0,389,26,124,274,1,1,1,14,110,35
GA-507,Savannah/Chatham County CoC,"1,100",90,67,943,284,816,0,"1,066",34,394,685,5,5,0,11
GA-508,DeKalb County CoC,684,217,47,420,277,407,0,664,20,84,574,1,2,1,22,91,54
GU-500,Guam CoC,"1,280",520,123,637,609,671,0,"1,274",6,11,4,46,1,"1,191"
HI-500,Hawaii Balance of State CoC,"2,717",580,211,"1,926","1,072","1,641",4,"2,412",305,"1,025",70
HI-501,Honolulu City and County CoC,"4,903","1,338",320,"3,245","2,102","2,785",16,"4,267",636,827,193
IA-500,"Sioux City/Dakota, Woodbury Counties CoC",276,108,41,127,133,143,0,228,48,168,32,0,41,6,29,89
IA-501,Iowa Balance of State CoC,"1,975",755,203,"1,017",953,"1,019",3,"1,828",147,"1,205",592,9
IA-502,Des Moines/Polk County CoC,830,167,74,589,323,506,1,777,53,599,179,7,7,0,38,399,67
ID-500,Boise/Ada County CoC,755,89,55,611,253,500,2,695,60,651,43,4,37,5,15,451,63
ID-501,Idaho Balance of State CoC,"1,211",395,105,711,587,623,1,"1,034",177,"1,082",26,7,72,11
IL-500,McHenry County CoC,177,40,5,132,66,111,0,157,20,141,16,0,11,0,9,83,10
IL-501,"Rockford/DeKalb, Winnebago, Boone Counties CoC",428,124,56,248,235,193,0,360,68,197,188,0,4,1,38
IL-502,"Waukegan, North Chicago/Lake County CoC",386,117,34,235,194,192,0,297,89,188,168,1,1,0,28,215
IL-503,"Champaign, Urbana, Rantoul/Champaign County CoC",163,30,25,108,42,121,0,156,7,76,79,0,2,0,6
IL-504,Madison County CoC,168,86,12,70,96,72,0,162,6,87,67,0,0,0,14,50,22
IL-506,"Joliet, Bolingbrook/Will County CoC",340,89,24,227,140,200,0,315,25,161,173,0,0,0,6,190
IL-507,"Peoria, Pekin/Fulton, Tazewell, Peoria, Woodford Counties CoC",451,126,52,273,182,269,0,436,15,256,162,6,0
IL-508,"East St. Louis, Belleville/St. Clair County CoC",318,95,26,197,140,178,0,316,2,72,241,0,0,2,3,47
IL-510,Chicago CoC,"6,786","1,422",691,"4,673","2,406","4,361",19,"5,690","1,096","1
IL-511,Cook County CoC,895,233,64,598,388,507,0,782,113,395,455,13,6,2,24,414,73
IL-512,Bloomington/Central Illinois CoC,619,196,72,351,316,303,0,548,71,292,283,3,1,0,40,446,152
IL-513,Springfield/Sangamon County CoC,326,68,25,233,133,193,0,301,25,137,171,0,3,0,15,182,34
IL-514,DuPage County CoC,672,240,84,348,361,310,1,569,103,400,212,22,1,1,36,204,48
IL-515,South Central Illinois CoC,122,46,8,68,62,60,0,114,8,104,14,1,1,0,2,43,11
IL-516,Decatur/Macon County CoC,238,41,24,173,98,140,0,237,1,133,93,0,3,0,9,107,6
IL-517,"Aurora, Elgin/Kane County CoC",388,78,24,286,137,251,0,310,78,225,136,3,3,0,21,304
IL-518,"Rock Island, Moline/Northwestern Illinois CoC",254,44,41,169,91,163,0,192,62,161,80,0,0,0,13,119
IL-519,West Central Illinois CoC,100,27,28,45,52,48,0,98,2,79,11,3,2,0,5,55,17
IL-520,Southern Illinois CoC,346,85,54,207,152,194,0,338,8,249,69,1,0,0,27,186,48
IN-502,Indiana Balance of State CoC,"4,197",968,371,"2,858","1,773","2,424",0,"4,029",168,"2,818","1
IN-503,Indianapolis CoC,"1,666",293,121,"1,252",586,"1,073",7,"1,618",48,678,910,11,19
KS-502,Wichita/Sedgwick County CoC,561,97,48,416,187,374,0,499,62,324,160,8,20,1,48,354,41
KS-503,Topeka/Shawnee County CoC,405,83,31,291,184,221,0,382,23,221,94,4,49,3,34,287,67
KS-505,"Overland Park, Shawnee/Johnson County CoC",174,94,13,67,106,68,0,137,37,122,43,0,0,0,9,94
KS-507,Kansas Balance of State CoC,"1,208",363,65,780,557,648,3,"1,077",131,906,208,0,34,4,56
KY-500,Kentucky Balance of State CoC,"2,119",526,201,"1,392",995,"1,120",4,"2,058",61,"1,756",232,4
KY-501,Louisville-Jefferson County CoC,"1,161",204,75,882,348,811,2,"1,132",29,495,597,2,3,2,62
KY-502,Lexington-Fayette County CoC,"1,258",131,76,"1,051",363,892,3,"1,213",45,837,364,1,18,7
LA-500,Lafayette/Acadiana CoC,493,105,36,352,191,302,0,478,15,192,281,5,4,0,11,182,38
LA-502,"Shreveport, Bossier/Northwest Louisiana CoC",390,53,25,312,131,259,0,385,5,146,222,1,7,0,14,212
LA-503,New Orleans/Jefferson Parish CoC,"1,703",137,248,"1,318",476,"1,217",10,"1,643",60,626,"1,024",12
LA-505,Monroe/Northeast Louisiana CoC,191,76,22,93,111,80,0,191,0,40,147,0,2,0,2,33,9
LA-506,Slidell/Southeast Louisiana CoC,243,68,11,164,98,144,1,241,2,97,140,0,0,0,6,70,13
LA-507,Alexandria/Central Louisiana CoC,154,15,15,124,76,77,1,154,0,53,94,1,1,0,5,50,1
LA-509,Louisiana Balance of State CoC,907,127,86,694,290,615,2,890,17,382,487,2,12,1,23,302,88
MA-500,Boston CoC,"6,492","2,265",560,"3,667","3,014","3,478",0,"4,315","2,177","2
MA-502,Lynn CoC,445,102,80,263,182,262,1,336,109,294,79,11,0,4,57,382,96
MA-503,Cape Cod Islands CoC,362,92,41,229,159,203,0,322,40,298,59,5,0,0,0,263,88
MA-504,Springfield/Hampden County CoC,"3,002","1,606",366,"1,030","1,640","1,362",0,"1,273","1,729","2
MA-505,New Bedford CoC,437,104,37,296,188,249,0,355,82,316,70,3,8,8,32,162,71
MA-506,Worcester City & County CoC,"1,682",713,145,824,888,794,0,"1,127",555,"1,148",466,7,3,14
MA-507,"Pittsfield/Berkshire, Franklin, Hampshire Counties CoC",781,212,60,509,296,484,1,626,155,628,127,3,7,1,15
MA-508,Lowell CoC,635,250,66,319,308,326,1,363,272,495,75,29,1,2,33,492,200
MA-509,Cambridge CoC,464,71,36,357,153,311,0,373,91,267,172,10,1,0,14,271,39
MA-510,"Gloucester, Haverhill, Salem/Essex County CoC","1,577",777,104,696,852,725,0,928,649,"1,081",348,9,6
MA-511,"Quincy, Brockton, Weymouth, Plymouth City and County CoC","1,803",790,174,839,962,840,1,"1,484",319,791,908,5
MA-515,Fall River CoC,406,177,30,199,224,182,0,280,126,321,77,0,0,0,8,316,153
MA-516,Massachusetts Balance of State CoC,"2,651","1,294",295,"1,062","1,522","1,128",1,"1,613","1,038","1
MA-517,Somerville CoC,158,33,26,99,99,59,0,121,37,100,48,2,0,0,8,94,25
MA-519,"Attleboro, Taunton/Bristol County CoC",240,97,27,116,115,125,0,204,36,162,65,0,0,0,13,146
MD-500,Cumberland/Allegany County CoC,96,27,8,61,48,48,0,96,0,85,10,0,0,0,1,39,5
MD-501,Baltimore CoC,"2,796",400,214,"2,182",815,"1,977",4,"2,713",83,685,"2,042",7
MD-502,Harford County CoC,210,83,22,105,110,100,0,201,9,97,89,9,2,0,13,145,54
MD-503,Annapolis/Anne Arundel County CoC,335,69,12,254,134,201,0,321,14,169,147,5,1,1,12,220,35
MD-504,Howard County CoC,166,50,14,102,75,91,0,149,17,67,85,5,2,0,7,87,33
MD-505,Baltimore County CoC,745,175,50,520,312,433,0,731,14,332,384,10,2,1,16,430,131
MD-506,Carroll County CoC,140,44,7,89,60,79,1,136,4,101,25,0,0,0,14,82,26
MD-507,Cecil County CoC,191,28,4,159,53,138,0,184,7,147,34,1,2,3,4,74,15
MD-508,"Charles, Calvert, St.Mary's Counties CoC",981,275,137,569,464,517,0,952,29,388,536,3,9,4,41
MD-509,Frederick City & County CoC,311,87,20,204,105,205,1,298,13,175,109,1,1,0,25,127,30
MD-510,Garrett County CoC,9,2,2,5,6,3,0,9,0,9,0,0,0,0,0,4,1
MD-511,Mid-Shore Regional CoC,158,34,14,110,66,92,0,154,4,94,59,0,0,0,5,90,14
MD-512,Hagerstown/Washington County CoC,201,37,11,153,60,141,0,195,6,121,50,1,10,0,19,138,34
MD-513,"Wicomico, Somerset, Worcester Counties CoC",326,43,23,260,120,206,0,321,5,154,156,2,0,0,14
MD-600,Prince George's County CoC,625,234,61,330,311,314,0,517,108,59,473,2,1,9,81,228,73
MD-601,Montgomery County CoC,"1,100",320,65,715,506,594,0,910,190,333,721,12,10,11,13,676
ME-500,Maine Statewide CoC,"2,372",637,245,"1,490","1,145","1,218",9,"2,297",75,"2,036",213
MI-500,Michigan Balance of State CoC,"1,745",546,293,906,880,864,1,"1,650",95,"1,386",252,1,25,4
MI-501,Detroit CoC,"2,597",440,245,"1,912",825,"1,771",1,"2,550",47,225,"2,306",14
MI-502,"Dearborn, Dearborn Heights, Westland/Wayne County CoC",333,119,31,183,169,164,0,314,19,155,157,0,8,0,13
MI-503,"St. Clair Shores, Warren/Macomb County CoC",450,63,114,273,96,354,0,440,10,223,225,2,0,0,0,215
MI-504,"Pontiac, Royal Oak/Oakland County CoC",485,110,47,328,199,286,0,475,10,166,300,1,3,2,13,246
MI-505,Flint/Genesee County CoC,488,100,60,328,205,282,1,480,8,106,335,0,5,0,42,172,41
MI-506,"Grand Rapids, Wyoming/Kent County CoC",912,307,80,525,388,523,1,795,117,388,449,2,10,2,61,408
MI-507,"Portage, Kalamazoo City & County CoC",568,246,66,256,332,236,0,537,31,183,347,0,0,0,38,328
MI-508,"Lansing, East Lansing/Ingham County CoC",418,85,33,300,167,251,0,393,25,179,204,0,2,0,33,306
MI-509,Washtenaw County CoC,372,45,23,304,100,272,0,360,12,183,166,1,1,0,21,231,41
MI-510,Saginaw City & County CoC,308,83,32,193,156,152,0,294,14,103,194,0,2,0,9,175,40
MI-511,Lenawee County CoC,128,49,16,63,53,75,0,104,24,105,12,0,2,0,9,70,16
MI-512,"Grand Traverse, Antrim, Leelanau Counties CoC",302,49,45,208,113,189,0,290,12,267,12,5,6,1,11
MI-513,"Marquette, Alger Counties CoC",79,24,9,46,34,45,0,77,2,67,1,0,6,0,5,46
MI-514,Battle Creek/Calhoun County CoC,285,67,16,202,98,187,0,275,10,146,130,1,5,1,2,156,42
MI-515,Monroe City & County CoC,185,33,16,136,82,103,0,175,10,148,30,0,2,2,3,88,20
MI-516,"Norton Shores, Muskegon City & County CoC",179,37,37,105,81,98,0,169,10,83,85,0,0,0,11,133
MI-517,Jackson City & County CoC,159,67,15,77,78,81,0,152,7,85,64,0,0,0,10,71,21
MI-518,Livingston County CoC,103,37,9,57,51,52,0,100,3,99,0,0,0,2,2,55,18
MI-519,Holland/Ottawa County CoC,285,100,29,156,117,168,0,236,49,204,58,2,0,0,21,137,30
MI-523,Eaton County CoC,135,79,8,48,85,50,0,120,15,111,16,0,0,0,8,48,27
MN-500,Minneapolis/Hennepin County CoC,"3,215","1,154",294,"1,767","1,541","1,658",16,"3,018",197,577,"2
MN-501,Saint Paul/Ramsey County CoC,"1,398",443,200,755,701,692,5,"1,226",172,352,706,32,70,5,233
MN-502,Rochester/Southeast Minnesota CoC,451,218,39,194,258,193,0,428,23,278,145,9,6,0,13,217,84
MN-503,"Dakota, Anoka, Washington, Scott, Carver Counties",608,195,113,300,289,319,0,513,95,376,171,3,16
MN-504,Northeast Minnesota CoC,68,25,12,31,36,32,0,68,0,56,0,2,6,0,4,9,1
MN-505,St. Cloud/Central Minnesota CoC,696,199,164,333,313,378,5,672,24,446,95,2,128,0,25,297,100
MN-506,Northwest Minnesota CoC,254,92,39,123,130,123,1,221,33,101,21,1,77,2,52,112,32
MN-508,Moorhead/West Central Minnesota CoC,242,80,43,119,122,120,0,223,19,110,61,1,46,0,24,153,44
MN-509,Duluth/St.Louis County CoC,490,144,73,273,235,255,0,478,12,247,85,0,116,1,41,136,45
MN-511,Southwest Minnesota CoC,124,57,16,51,68,56,0,90,34,98,12,0,1,0,13,62,27
MO-500,St. Louis County CoC,438,178,78,182,266,172,0,438,0,86,344,0,0,0,8,203,108
MO-501,St.Louis City CoC,"1,312",362,189,761,625,687,0,"1,241",71,296,987,2,3,8,16
MO-503,"St. Charles City & County, Lincoln, Warren Counties CoC",803,328,86,389,378,425,0,781,22,474,298,2,0,0,29
MO-600,"Springfield/Greene, Christian, Webster Counties CoC",584,161,56,367,285,299,0,574,10,476,72,0,7,1,28
MO-602,"Joplin/Jasper, Newton Counties CoC",258,65,18,175,100,158,0,247,11,220,21,0,2,2,13,108
MO-603,"St. Joseph/Andrew, Buchanan, DeKalb Counties CoC",164,36,11,117,70,94,0,160,4,107,34,0,4,4,15
MO-604a,"Kansas City, Independence, Lee’s Summit/Jackson, Wyandotte Counties, MO & KS","1,686",413,111,"1,162",704,982,0,"1,585",101,860
MO-606,Missouri Balance of State CoC,"1,477",428,147,902,721,755,1,"1,428",49,"1,122",247,13,17,8
MS-500,"Jackson/Rankin, Madison Counties CoC",762,115,27,620,295,467,0,762,0,98,662,1,1,0,0,163
MS-501,Mississippi Balance of State CoC,809,188,59,562,309,500,0,798,11,248,549,0,3,5,4,244,59
MS-503,Gulf Port/Gulf Coast Regional CoC,412,37,19,356,157,255,0,402,10,231,161,1,6,9,4,116,20
MT-500,Montana Statewide CoC,"1,709",374,225,"1,110",711,996,2,"1,579",130,"1,281",38,0,321
NC-500,Winston-Salem/Forsyth County CoC,571,94,41,436,197,374,0,557,14,214,350,1,0,0,6,456,76
NC-501,Asheville/Buncombe County CoC,562,40,29,493,152,409,1,547,15,395,152,1,8,0,6,273,28
NC-502,Durham City & County CoC,813,100,46,667,205,608,0,781,32,248,532,0,3,0,30,434,37
NC-503,North Carolina Balance of State CoC,"3,021",710,262,"2,049","1,338","1,682",1,"2,809",212,"1,480","1
NC-504,"Greensboro, High Point CoC",665,104,56,505,206,459,0,651,14,179,450,2,6,1,27,342
NC-505,Charlotte/Mecklenberg CoC,"2,001",498,117,"1,386",853,"1,146",2,"1,943",58,306,"1,651",8
NC-506,"Wilmington/Brunswick, New Hanover, Pender Counties CoC",390,62,28,300,108,282,0,362,28,229,143,2,5,0,11
NC-507,Raleigh/Wake County CoC,904,185,78,641,394,503,7,879,25,363,515,3,12,3,8,533,108
NC-509,"Gastonia/Cleveland, Gaston, Lincoln Counties CoC",281,56,29,196,100,181,0,274,7,150,109,1,6,0,15
NC-511,Fayetteville/Cumberland County CoC,593,97,50,446,198,395,0,567,26,177,385,1,15,2,13,56,11
NC-513,Chapel Hill/Orange County CoC,129,19,0,110,35,93,1,118,11,41,76,0,1,0,11,81,0
NC-516,Northwest North Carolina CoC,755,330,105,320,399,355,1,659,96,712,39,4,0,0,0,89,17
ND-500,North Dakota Statewide CoC,"1,305",265,152,888,456,843,6,"1,215",90,774,232,16,184,5,94
NE-500,Nebraska Balance of State CoC,549,181,60,308,278,271,0,433,116,477,23,2,19,0,28,182,48
NE-501,"Omaha, Council Bluffs CoC","1,481",284,130,"1,067",459,"1,014",8,"1,273",208,904,433,13
NE-502,Lincoln CoC,714,170,102,442,275,437,2,641,73,450,130,10,45,5,74,264,56
NH-500,New Hampshire Balance of State CoC,718,185,78,455,312,403,3,697,21,666,23,1,1,1,26,489,114
NH-501,Manchester CoC,400,113,30,257,180,220,0,337,63,345,28,0,0,0,27,141,28
NH-502,Nashua/Hillsborough County CoC,327,84,34,209,124,203,0,291,36,301,13,5,1,0,7,140,25
NJ-500,Atlantic City & County CoC,548,64,63,421,147,401,0,486,62,258,276,12,1,0,1,440,63
NJ-501,Bergen County CoC,340,72,49,219,148,192,0,267,73,195,119,26,0,0,0,172,35
NJ-502,Burlington County CoC,"1,347",410,149,788,631,716,0,"1,231",116,596,738,1,1,7,4
NJ-503,"Camden City & County/Gloucester, Cape May, Cumberland Counties CoC","1,089",215,114,760,404,685,0,910,179,494,579,1,1,9
NJ-504,Newark/Essex County CoC,"1,610",320,232,"1,058",690,913,7,"1,420",190,254,"1,341",7,2
NJ-506,"Jersey City, Bayonne/Hudson County CoC",917,166,62,689,293,624,0,568,349,452,451,8,1,0,5,554
NJ-507,New Brunswick/Middlesex County CoC,604,150,48,406,234,369,1,411,193,318,256,5,1,3,21,403,118
NJ-508,Monmouth County CoC,456,147,38,271,218,238,0,384,72,204,240,4,0,0,8,280,71
NJ-509,Morris County CoC,384,100,35,249,157,227,0,297,87,260,104,6,13,1,0,195,51
NJ-510,Lakewood Township/Ocean County CoC,605,221,58,326,321,282,2,528,77,417,184,2,0,0,2,561,213
NJ-511,Paterson/Passaic County CoC,459,136,57,266,234,225,0,317,142,191,265,1,1,1,0,403,124
NJ-512,Salem County CoC,38,13,4,21,18,20,0,38,0,15,23,0,0,0,0,15,5
NJ-513,Somerset County CoC,342,73,29,240,128,214,0,305,37,157,171,13,1,0,0,164,49
NJ-514,Trenton/Mercer County CoC,600,98,64,438,204,394,2,520,80,168,426,3,0,3,0,351,79
NJ-515,Elizabeth/Union County CoC,504,170,47,287,220,284,0,383,121,172,325,7,0,0,0,290,63
NJ-516,"Warren, Sussex, Hunterdon Counties CoC",255,49,25,181,109,146,0,214,41,185,64,1,1,4,0
NM-500,Albuquerque CoC,"1,287",293,102,892,445,838,4,768,519,807,149,8,253,14,56,659
NM-501,New Mexico Balance of State CoC,"1,342",408,103,831,641,699,2,749,593,921,64,4,334,3,16,728
NV-500,Las Vegas/Clark County CoC,"7,509","1,240","1,475","4,794","2,443","5,064",2,"6,211","1,298"
NV-501,"Reno, Sparks/Washoe County CoC",907,101,80,726,266,638,3,809,98,697,107,10,31,4,58,454
NV-502,Nevada Balance of State CoC,327,54,18,255,128,199,0,309,18,283,1,0,20,2,21,78,22
NY-500,"Rochester, Irondequoit, Greece/Monroe County CoC",762,239,160,363,364,396,2,591,171,281,445,1,1,7,27
NY-501,"Elmira/Steuben, Allegany, Livingston, Chemung, Schuyler Counties CoC",648,186,107,355,270,378,0,613,35,549,98,0,1
NY-503,Albany City & County CoC,597,104,49,444,171,425,1,549,48,253,290,4,5,0,45,450,70
NY-504,Cattaragus County CoC,41,13,11,17,23,18,0,41,0,34,1,0,0,0,6,24,5
NY-505,"Syracuse, Auburn/Onondaga, Oswego, Cayuga Counties CoC",922,186,133,603,364,558,0,824,98,472,396,0,5,6
NY-507,Schenectady City & County CoC,349,86,41,222,151,198,0,317,32,159,149,2,3,0,36,282,72
NY-508,"Buffalo, Niagara Falls/Erie, Niagara, Orleans, Genesee, Wyoming Counties CoC",919,214,91,614,390,528,1,815,104,424,441,5
NY-510,Ithaca/Tompkins County CoC,88,21,24,43,38,50,0,85,3,41,33,0,4,0,10,53,14
NY-511,"Binghamton, Union Town/Broome, Otsego, Chenango, Delaware, Cortland, Tioga Count",302,11,81,210,91,211,0,289,13,263,33
NY-512,Troy/Rensselaer County CoC,189,44,34,111,93,96,0,177,12,107,71,0,0,0,11,118,30
NY-513,"Wayne, Ontario, Seneca, Yates Counties CoC",187,4,38,145,62,125,0,175,12,166,17,1,3,0
NY-514,"Jamestown, Dunkirk/Chautauqua County CoC",29,5,4,20,18,11,0,24,5,20,3,0,0,0,6,29
NY-516,Clinton County CoC,143,35,41,67,63,80,0,133,10,117,23,0,2,1,0,140,35
NY-518,"Utica, Rome/Oneida, Madison Counties CoC",140,33,29,78,61,79,0,115,25,87,46,0,0,0,7
NY-519,"Columbia, Greene Counties CoC",97,34,9,54,50,47,0,80,17,60,9,0,0,0,28,91
NY-520,"Franklin, Essex Counties CoC",28,8,7,13,8,20,0,26,2,26,0,0,0,0,2,28
NY-522,"Jefferson, Lewis, St. Lawrence Counties CoC",86,6,12,68,24,62,0,83,3,78,8,0,0,0,0
NY-523,"Glens Falls, Saratoga Springs/Saratoga, Washington, Warren, Hamilton Counties Co",282,40,34,208,108,174,0,271,11,207,55,2,1
NY-600,New York City CoC,"75,323","26,860","7,392","41,071","35,983","39,206",134,"49,244","26,079"
NY-601,Poughkeepsie/Dutchess County CoC,375,119,34,222,168,207,0,332,43,173,163,0,4,0,35,169,58
NY-602,"Newburgh, Middletown/Orange County CoC",495,129,50,316,191,303,1,392,103,334,152,0,4,1,4,303
NY-603,"Nassau, Suffolk Counties CoC","3,861","1,864",315,"1,682","1,919","1,941",1,"3,188",673,"1
NY-604,"Yonkers, Mount Vernon/Westchester County CoC","1,797",628,174,995,839,957,1,"1,376",421,563,"1,192",7,5
NY-606,Rockland County CoC,117,17,18,82,39,78,0,90,27,37,70,2,0,0,8,55,14
NY-607,Sullivan County CoC,130,23,21,86,57,73,0,106,24,96,18,0,0,0,16,128,23
NY-608,Kingston/Ulster County CoC,343,96,35,212,152,191,0,291,52,244,77,0,0,1,21,248,86
OH-500,Cincinnati/Hamilton County CoC,"1,063",169,79,815,317,743,3,"1,048",15,362,657,1,3,0,40
OH-501,Toledo/Lucas County CoC,564,103,66,395,226,337,1,523,41,229,291,1,1,1,41,407,83
OH-502,Cleveland/Cuyahoga County CoC,"1,943",268,112,"1,563",515,"1,423",5,"1,873",70,578,"1,336",5
OH-503,Columbus/Franklin County CoC,"1,721",224,202,"1,295",679,"1,039",3,"1,661",60,560,"1,057",14
OH-504,Youngstown/Mahoning County CoC,368,100,27,241,166,201,1,353,15,151,193,3,0,1,20,206,49
OH-505,"Dayton, Kettering/Montgomery County CoC",971,209,137,625,386,585,0,954,17,394,519,2,2,0,54,662
OH-506,"Akron, Barberton/Summit County CoC",760,183,78,499,302,457,1,750,10,363,360,2,3,2,30,341
OH-507,Ohio Balance of State CoC,"3,320",863,328,"2,129","1,525","1,793",2,"3,175",145,"2,621",497
OH-508,"Canton, Massillon, Alliance/Stark County CoC",472,122,53,297,233,239,0,462,10,274,174,0,2,0,22
OK-500,North Central Oklahoma CoC,194,58,40,96,91,103,0,181,13,159,16,0,16,3,0,88,33
OK-501,Tulsa City & County CoC,956,152,102,702,358,594,4,902,54,552,239,1,114,2,48,585,82
OK-502,Oklahoma City CoC,"1,300",152,112,"1,036",489,810,1,"1,208",92,806,326,5,97,6
OK-503,Oklahoma Balance of State CoC,237,44,73,120,127,110,0,199,38,187,10,0,35,0,5,95,16
OK-504,Norman/Cleveland County CoC,133,22,8,103,54,79,0,128,5,120,8,1,1,0,3,89,10
OK-505,Northeast Oklahoma CoC,343,100,29,214,139,204,0,327,16,251,20,0,71,0,1,272,89
OK-506,Southwest Oklahoma Regional CoC,161,27,24,110,46,115,0,154,7,96,50,0,15,0,0,56,6
OK-507,Southeastern Oklahoma Regional CoC,453,136,79,238,231,222,0,429,24,287,63,0,62,0,41,216,64
OR-500,"Eugene, Springfield/Lane County CoC","1,473",150,139,"1,184",462,"1,006",5,"1,366",107,"1,265",35
OR-501,"Portland, Gresham/Multnomah County CoC","3,801",378,315,"3,108","1,351","2,430",20,"3,376",425,"2,664"
OR-502,"Medford, Ashland/Jackson County CoC",729,72,53,604,193,533,3,688,41,637,23,4,26,13,26,122
OR-503,Central Oregon CoC,594,129,55,410,223,371,0,539,55,539,6,3,34,1,11,138,25
OR-505,Oregon Balance of State CoC,"5,544","1,608",556,"3,380","2,531","2,994",19,"4,763",781,"4,700"
OR-506,"Hillsboro, Beaverton/Washington County CoC",591,132,61,398,234,356,1,507,84,480,40,8,13,6,44,71
OR-507,Clackamas County CoC,494,76,49,369,203,287,4,442,52,419,23,9,37,6,0,98,20
PA-500,Philadelphia CoC,"5,998","1,721",613,"3,664","2,464","3,516",18,"5,128",870,848,"4
PA-501,Harrisburg/Dauphin County CoC,402,128,29,245,208,194,0,275,127,122,229,1,1,0,49,199,47
PA-502,"Upper Darby, Chester, Haverford/Delaware County CoC",436,78,36,322,184,252,0,422,14,141,287,0,3,3,2
PA-503,"Wilkes-Barre, Hazleton/Luzerne County CoC",174,44,29,101,93,80,1,157,17,126,44,0,0,0,4,77
PA-504,"Lower Merion, Norristown, Abington/Montgomery County CoC",429,161,25,243,233,196,0,401,28,198,173,4,2,0,52
PA-505,Chester County CoC,612,112,44,456,210,402,0,550,62,319,288,0,1,0,4,250,39
PA-506,Reading/Berks County CoC,561,107,51,403,187,374,0,369,192,384,170,2,5,0,0,287,37
PA-508,Scranton/Lackawanna County CoC,233,80,21,132,94,139,0,196,37,168,41,0,0,0,24,68,7
PA-509,Eastern Pennsylvania CoC,"2,410",751,300,"1,359","1,180","1,229",1,"1,927",483,"1,806",455
PA-510,Lancaster City & County CoC,378,114,33,231,205,173,0,300,78,242,111,3,3,3,16,150,39
PA-511,"Bristol, Bensalem/Bucks County CoC",487,190,75,222,297,190,0,432,55,284,138,3,4,3,55,140
PA-512,York City & County CoC,345,124,26,195,173,171,1,295,50,210,110,2,1,8,14,165,55
PA-600,"Pittsburgh, McKeesport, Penn Hills/Allegheny County CoC","1,424",314,150,960,626,795,3,"1,410",14,515,819,7,1
PA-601,Western Pennsylvania CoC,"1,002",272,92,638,459,543,0,944,58,803,159,0,1,0,39,448
PA-603,Beaver County CoC,120,42,14,64,60,60,0,119,1,80,39,1,0,0,0,61,24
PA-605,Erie City & County CoC,410,74,54,282,171,239,0,376,34,240,152,0,0,0,18,222,21
PR-502,Puerto Rico Balance of Commonwealth CoC,"2,422",200,138,"2,084",676,"1,739",7,122,"2,300",927,371,1,50
PR-503,South-Southeast Puerto Rico CoC,"2,096",163,110,"1,823",561,"1,527",8,29,"2,067",967,346,0,0
RI-500,Rhode Island Statewide CoC,"1,111",252,89,770,418,691,2,831,280,765,287,4,7,2,46,743
SC-500,Charleston/Low Country CoC,606,48,23,535,163,443,0,593,13,244,286,0,6,0,70,221,35
SC-501,"Greenville, Anderson, Spartanburg/Upstate CoC","1,961",348,59,"1,554",703,"1,258",0,"1,911",50,944,991
SC-502,Columbia/Midlands CoC,"1,468",182,71,"1,215",495,973,0,"1,444",24,440,"1,001",4,12
SC-503,"Myrtle Beach, Sumter City & County CoC","1,319",204,148,967,609,710,0,"1,268",51,625,648,6,12,4
SD-500,South Dakota Statewide CoC,"1,036",266,139,631,373,662,1,"1,020",16,403,87,3,524,3,16
TN-500,Chattanooga/Southeast Tennessee CoC,636,135,39,462,232,403,1,627,9,334,250,2,3,2,45,375,59
TN-501,Memphis/Shelby County CoC,"1,525",348,164,"1,013",558,965,2,"1,520",5,371,"1,144",0,0
TN-502,Knoxville/Knox County CoC,783,60,51,672,316,467,0,772,11,554,196,2,5,2,24,411,37
TN-503,Central Tennessee CoC,268,44,26,198,136,132,0,268,0,148,120,0,0,0,0,99,22
TN-504,Nashville-Davidson County CoC,"2,154",259,216,"1,679",773,"1,381",0,"2,070",84,"1,088","1,008"
TN-506,Upper Cumberland CoC,362,52,19,291,171,191,0,350,12,301,59,0,0,0,2,91,17
TN-507,Jackson/West Tennessee CoC,"1,563",346,123,"1,094",700,863,0,"1,548",15,935,534,1,41,1
TN-509,Appalachian Regional CoC,577,85,41,451,188,388,1,552,25,504,68,4,1,0,0,322,47
TN-510,Murfreesboro/Rutherford County CoC,289,35,60,194,111,178,0,285,4,214,68,0,4,0,3,133,27
TN-512,"Morristown/Blount, Sevier, Campbell, Cocke Counties CoC",966,261,97,608,451,499,16,939,27,921,41,0,1,3
TX-500,San Antonio/Bexar County CoC,"2,891",546,179,"2,166","1,063","1,822",6,"1,618","1,273","2,069"
TX-503,Austin/Travis County CoC,"1,832",384,139,"1,309",641,"1,188",3,"1,295",537,"1,083",606,22
TX-600,"Dallas City & County, Irving CoC","3,141",572,246,"2,323","1,336","1,784",21,"2,767",374,"1,096"
TX-601,"Fort Worth, Arlington/Tarrant County CoC","1,914",381,83,"1,450",730,"1,183",1,"1,649",265,864,923,26
TX-603,El Paso City & County CoC,"1,107",342,62,703,439,668,0,401,706,"1,000",76,4,7,11,9
TX-604,Waco/McLennan County CoC,255,66,20,169,95,160,0,225,30,129,115,0,0,0,11,96,13
TX-607,Texas Balance of State CoC,"7,016","1,191",552,"5,273","2,582","4,415",19,"4,014","3,002","5
TX-611,Amarillo CoC,478,105,28,345,189,289,0,363,115,352,93,3,5,2,23,398,56
TX-624,"Wichita Falls/Wise, Palo Pinto, Wichita, Archer Counties CoC",267,59,26,182,113,154,0,251,16,171,76,0,2,0
TX-700,"Houston, Pasadena, Conroe/Harris, Ft. Bend, Montgomery, Counties CoC","4,609",831,370,"3,408","1,769","2,825",15,"4
TX-701,"Bryan, College Station/Brazos Valley CoC",168,52,7,109,81,87,0,91,77,103,64,0,1,0,0,101
UT-500,Salt Lake City & County CoC,"2,176",508,121,"1,547",758,"1,412",6,"1,650",526,"1,641",242,31
UT-503,Utah Balance of State CoC,646,189,55,402,310,335,1,552,94,531,62,3,33,5,12,415,101
UT-504,Provo/Mountainland CoC,203,67,23,113,108,95,0,163,40,187,7,1,5,0,3,86,36
VA-500,"Richmond/Henrico, Chesterfield, Hanover Counties CoC",818,88,47,683,182,634,2,791,27,256,531,2,4,3,22
VA-501,"Norfolk, Chesapeake, Suffolk/Isle of Wight, Southampton Counties CoC",735,164,46,525,241,494,0,713,22,122,538,0,20,2
VA-502,"Roanoke City & County, Salem CoC",390,80,45,265,156,234,0,366,24,217,146,0,0,1,26,366
VA-503,Virginia Beach CoC,419,126,22,271,196,223,0,406,13,179,224,1,4,6,5,217,46
VA-504,Charlottesville CoC,185,36,10,139,79,106,0,182,3,81,94,0,0,0,10,113,8
VA-505,"Newport News, Hampton/Virginia Peninsula CoC",520,109,24,387,200,320,0,491,29,163,313,2,8,0,34,328
VA-507,Portsmouth CoC,174,42,55,77,79,95,0,174,0,25,144,0,1,0,4,91,33
VA-508,Lynchburg CoC,237,54,30,153,98,138,1,231,6,101,119,5,1,1,10,172,32
VA-513,"Harrisburg, Winchester/Western Virginia CoC",242,45,37,160,99,143,0,222,20,186,34,2,1,0,19,230
VA-514,"Fredericksburg/Spotsylvania, Stafford Counties CoC",217,58,20,139,96,121,0,202,15,111,87,1,4,0,14,154
VA-521,Virginia Balance of State CoC,773,222,50,501,360,411,2,738,35,427,286,10,5,0,45,542,160
VA-600,Arlington County CoC,239,49,14,176,90,149,0,201,38,69,153,7,2,0,8,184,47
VA-601,Fairfax County CoC,"1,204",431,105,668,539,663,2,"1,056",148,450,626,70,6,2,50
VA-602,Loudoun County CoC,172,55,19,98,87,85,0,141,31,96,55,4,2,0,15,58,17
VA-603,Alexandria CoC,267,71,18,178,115,152,0,239,28,96,170,0,0,0,1,179,46
VA-604,Prince William County CoC,409,139,34,236,186,223,0,364,45,124,241,6,4,2,32,195,59
VI-500,Virgin Islands CoC,337,19,14,304,82,255,0,308,29,42,260,2,8,0,25,53,10
VT-500,Vermont Balance of State CoC,"1,052",280,127,645,484,568,0,"1,017",35,973,72,0,4,3,0
VT-501,Burlington/Chittenden County CoC,471,76,53,342,184,285,2,459,12,390,62,3,1,0,15,326,43
WA-500,Seattle/King County CoC,"10,122","1,789","1,014","7,319","3,418","6,670",34,"8,803","1,319"
WA-501,Washington Balance of State CoC,"5,489","1,416",541,"3,532","2,445","3,038",6,"4,415","1,074","4
WA-502,Spokane City & County CoC,"1,034",251,77,706,440,592,2,957,77,830,69,10,57,12,56,579
WA-503,"Tacoma, Lakewood/Pierce County CoC","1,283",319,122,842,538,722,23,"1,114",169,616,322,14,36,73
WA-504,Everett/Snohomish County CoC,829,166,89,574,311,518,0,783,46,645,86,11,25,20,42,378,104
WA-508,Vancouver/Clark County CoC,662,221,38,403,305,356,1,609,53,443,52,1,17,74,75,226,75
WI-500,Wisconsin Balance of State CoC,"3,597","1,338",332,"1,927","1,789","1,807",1,"3,259",338,"2,433"
WI-501,Milwaukee City & County CoC,"1,521",411,153,957,583,935,3,"1,394",127,446,994,7,10,38,26
WI-502,Racine City & County CoC,168,39,13,116,78,90,0,159,9,87,77,0,2,0,2,82,11
WI-503,Madison/Dane County CoC,771,199,52,520,298,472,1,732,39,310,424,4,10,0,23,393,116
WV-500,"Wheeling, Weirton Area CoC",114,21,13,80,34,79,1,114,0,105,3,0,0,0,6,68
WV-501,"Huntington/Cabell, Wayne Counties CoC",227,66,17,144,98,129,0,223,4,176,49,0,0,0,2,129
WV-503,"Charleston/Kanawha, Putnam, Boone, Clay Counties CoC",385,45,50,290,115,270,0,380,5,301,74,0,0,0
WV-508,West Virginia Balance of State CoC,"1,109",136,91,882,379,730,0,"1,079",30,913,163,1,9,3,20
WY-500,Wyoming Statewide CoC,798,187,59,552,295,503,0,669,129,628,30,0,97,1,42,231,27
,Total,"564,708","127,787","52,973","383,948","224,344","339,075","1,289","452,140","112
,,,,,,,,,,,,,,,,,,
